,x
1,이게 나라인가라는 말을 입에 달고 산다 밥 먹다가 걷다가 심지어 화장실에 앉아서도 울거나 욕을 하고 있다 비정상인 거 안다 그런데 그런 비정상이 정상으로 돌아오는 징후가 스스로 감지되면 죄의식이 생긴다 세월호 침몰 후 나를 포함한 많은 이들의 심리상태가 그렇다 세월호 트라우마는 명백히 국민 트라우마다 정신건강의학과 전문의 정혜신과 세월호 트라우마에 관해 얘기했다 우리 역사상 이렇게 많은 사람들이 외상후 스트레스 장애적 상황의 범주 안에 들어간 적이 없고 그에 따라 심리치유가 필요한 사람의 규모가 엄청나게 큰 초유의 상황이 벌어졌다 단언컨대 사회 전 영역에서 우리 사회를 지배하는 가치관이 세월호 이전과 이후로 나뉠 것이다 그만큼 세월호 트라우마는 광범위하게 파괴적이다 세월호 트라우마의 어떤 요인들 때문에 그런 건지 함께 정리했다 또 하나 세월호 침몰 같은 외상후 스트레스 장애트라우마적 참사가 있을 때 그것이 무엇이고 어떻게 대처해야 하는 것인지를 포켓북처럼 알기 쉽게 정리하고 싶었다 그래서 비슷한 일을 하는 동료이며 배우자란 특별한 인연을 잠시 밀쳐두고 이번 참사로 자식을 잃은 친구가 곁에 있다면 어떻게 위로해야 할까 그런 이웃의 심정으로 정혜신에게 묻고 들었다   외상 후 스트레스 장애가 뭔가요살다가 겪게 되는 스트레스 중에서도 인간이 통상적으로 감당할 수 있는 범주를 넘어서는 스트레스 즉 재앙적 수준의 스트레스를 받았을 때 보이는 반응입니다 전쟁터에서 살아 돌아온 군인 고문생존자 대구지하철 참사 같은 재난 현장의 생존자들이 겪는 스트레스가 재앙적 스트레스지요 이런 재앙적 스트레스에 대한 반응에는 개인적인 차이가 거의 없어요 남보다 정신적으로 건강한 사람이라고 잘 넘어갈 수 있는 게 아니라는 거죠 총에 맞으면 몸이 건강하든 아니든 차이가 없잖아요세월호 참사는 생존자와 유족뿐 아니라 그 광경을 목도한 사람들에게도 파국적이고 재앙적인 상황인데요 이런 경험이 사람을 어떻게 파괴시키는 건가요트라우마를 겪은 이들의 핵심 감정은 죄의식이에요 내가 무언가를 했어야 하는데 그러지 못해서 피해자가 죽었다고 생각합니다 자기가 희생자의 죽음에 상당한 책임이 있다고 여기는 거죠 예를 들어 이번 세월호 사건에서 갑판에 올라가 있다가 생존한 학생이 있어요 같은 방에서 전 날 늦게까지 함께 놀았던 친구들이 빠져나오지 못한 걸 나랑 놀다가 피곤한 것 때문에 그랬다고 생각합니다 부모도 그래요 안산으로 이사만 오지 않았더라면 그런 식으로 모든 게 내 책임이라고 생각합니다  자가 보기엔 비합리적인 생각이지만 그런 식의 죄의식에서 한발짝도 벗어나지 못해요 의 이런 턱없는 죄의식은 실제로 책임이 있어서 죄의식을 갖는 게 아니에요 현장에 같이 있었다거나 희생자와 심리적으로 유대감이 강한 정도와 비례해서 죄의식을 떠안는 겁니다 세월호의 무책임한 선장보다 내 죄가 더 크다고 느낄 수도 있는 거죠심리적 거리가 가까울수록 공감의 정도와 비례해서 그렇게 되죠 그런 죄의식은 왜 갖게 되는 건가요사람의 인지구조는 나한테 어떤 일이 일어나면 이 일이 도대체 왜 나한테 일어났는지 이해하고 설명하고 싶어 해요 평상시엔  미터를  초에 돌파하는 사람과  초에 도달하는 사람이 차이가 많지만 거대한 해일이 밀려올 땐 그 차이가 아무 의미가 없잖아요 불가항력적 상황이니까 그런데도 해일이 올 때 내가 조금 더 빨리 뛰었어야 했는데 이런 식으로 비합리적인 자기탓을 하게 되는 거죠 해일에게 책임을 물을 수 없으니 가장 가까운 곳에서 이유를 찾으려고 해요 그 중 제일 손쉽고 빠르게 보이는 것이 자기죠 그래서 자기를 추궁하기 시작합니다 정혜신 박사는 세월호 재앙은 균이 혈관을 타고 들어간 형국이에요 우리 사회 전체가 심리적 죽음에 이를 정도로요 라고 트라우마의 심각성을 말했다 지난  월 일 전남 진도 팽목항에서 실종자 가족들이 서로를 위로하고 있다세월호 트라우마가 다른 경우와 달리 더 심각한 이유는 뭘까요첫째는 이번 세월호 참사가 다른 적 상황과는 달리 국소적인 현상이 아니라는 거죠 일반적 는 재해 현장에 있었던 사람과 유가족 사이에서 공유하는 국소적인 현상인데 세월호 사건에선 아이들이 수장 되는 과정이 느린 화면으로 보듯 전국에 생중계 됐어요 보면서 아무 것도 할 수 없었고 결과적으로 정부는 아무 것도 하지 않았어요 나쁜 균이 피부에 감염됐다 몸속으로 들어가 장기에 염증이 생겨도 항생제를 쓰면 치료할 수 있어요 그 장기에 국한된 문제니까요 그런데 균이 혈관을 타고 핏속으로 들어가면 대부분 사망해요 그게 패혈증이죠 피를 통해서 균이 온 몸 구석구석까지 다 뿌려지니까요 그런데 세월호 재앙은 균이 혈관을 타고 들어간 형국이에요 우리 사회 전체가 심리적 죽음에 이를 정도로요 두 번째 요인은 믿을 수 없을 정도로 무책임하고 무능력한 사고 수습의 과정과 관련이 있겠죠 침몰 사고 이후 경악과 분노와 절망과 죄의식이 혈관을 타고 흐르는 느낌입니다가 사람을 붕괴시키는 핵심은 죄의식입니다 실제적인 책임이 없어도 그 죽음에 대한 죄의식이 집요하게 따라붙는데 이번 사건에는 이런 죄의식만 있는게 아니에요 실제 죄가 있어요 생명을 구하는 시스템이 마비된 이 복마전같은 사회 구조에 기여하지 않은 어른은 없는 거잖아요 지켜보는 사람조차 심장이 바늘로 찔린 듯 한 느낌인 게 다 그런 이유 때문이겠죠그렇죠 지금 피해자들이나 우리 모두에게는 갖가지 감정이 혼재해 있는데 어느 하나 정리된 게 없어요 그래도 제일 먼저 수습이 가능한 감정이 분노예요 책임있는 사람이 진짜 책임을 져야해요 누군가 이 거대한 분노를 흡수해줘야 합니다 그러지않고는 이 복잡한 감정이 해결 방향으로 한발짝도 움직일 수 없어요 국무총리 사퇴 같은 무책임한 조치로는 어림도 없어요대한민국호의 선장이라는 대통령의 태도가 무엇보다 중요하지 않겠어요핵심적이고 결정적입니다 이 재앙을 수습할 수 있는 첫 번째이자 마지막 사람은 대통령입니다 눈물로 사과하고 책임져야 합니다 다른 방법은 없습니다 지금부터 대통령이 나선다 해도 재앙의 극단성으로 봐서는 수습의 시작점에 서는 것일 뿐입니다 거의 모든 국민들이 죄의식 미안함을 느끼는 건 사고를 당한 부모에 대한 심리적인 동질감 연대감 때문이에요 그런데 제가 보기엔 대통령 혼자 죄의식을 안 느끼는 것처럼 보여요 화내면서 누군가를 혼내고 있잖아요 지금의 고통과 연결된 정서적 끈이 존재하지 않는 다른 나라 사람 같아요 대통령이 이런 감정들을 흡수하는 입장에 서지 않으면 온 국민은 계속 칼에 찔리는 느낌을 갖게 될 겁니다 누군가 그랬더군요 배를 침몰 시킨 건 선장이지만 참사는 정부가 만들었다고요세월호 참사는 사망자 수가 많아서만 참사가 아닙니다 선장이 큰 죄를 지었지만 그건 어찌보면 한 개인의 문제일 수도 있습니다 많은 사람이 죽었어도 한 사람 때문에 그랬다면 그건 국소적인 문제에요 그렇지만 우리를 지켜줄 거라 생각했던 국가가 이런 무능 무책임 사악함 마저 느끼게 하면 집단우울증이 생길 수밖에요 에는  차  차 트라우마가 있습니다 배가 침몰된 게  차 트라우마라면 정부의 무책임한 대응은  차 트라우마에요 그런데 에서 결정적으로 사람을 무너뜨리는 건  차 트라우마입니다 이번에 우리는 정부의 반응을 보면서 돌이킬 수 없는  차 트라우마를 받았습니다 이번 사건엔 치료 기간이 얼마나 필요할까요생존자나 유족들은 지금도 위험하지만 몇 년 후에도 극단적 선택을 할 가능성이 매우 높아요 여러 형태로 가족이 해체될 수도 있고요 최소한  년 정도의 집중적인 심리치유와 보살핌이 필요합니다 치유가 필요한 대상 집단이 넓고 사회적인 치유 시스템도 작동할 수 있어야 하기 때문에 최소  년은 매달려야 할거에요 긴 시간이 필요하군요그럼요 증상  단계엔 잠도 못 자고 음식도 못 넘기고 사망 통지 받았던 순간들 같이 있던 친구들 모습이 계속 떠오릅니다 그러다가 시간이 흐르면서 일부 생존자나 유족들은 그 기억을 잊기 위해서 일이든 뭐든 몰두하기 시작합니다 아이들 중에는 딴 생각 안 하려고 공부만 파는 애도 있을 거예요 이런 게  단계의 증상들인데 뭔가에 강하게 몰입함으로써 불안이나 공포 죄의식 등을 잊으려는 시기죠 그런데 이런 모습을 보면 주위에선 이들이 고통을 극복한 증거로 받아 들여요 본인도 그렇게 여길 수 있고요 착각이죠 이런 극단적인 몰입이 어느 순간 아주 사소한 계기에 툭 끊어집니다 집요하게 따라붙는 공포와 불안 죄의식을 외면하느라 극도의 긴장을  시간 수년간 유지하려다보니 어느 순간 끊어질 수밖에요 그래서 를 장기적 전체적으로 조망하면서 치유시스템을 만들어야 하는거죠 안산에 세월호 참사만을 집중 치유하기 위한 안산 센터를 만들어  년은 지속해야 합니다 세월호 피해자와 피해영역들을 샅샅이 찾아내서 끝까지 치유하고 책임져야 해요  년 동안 특별재난지역으로 선포한다고 해결될 일이 전혀 아녜요 그러기 위해선 이 일의 책임 주체가 될 국가기관의 공무원들에게 이 상황에 대처하는 태도에 대해 정확히 알려주고 그렇게 시행하도록 해야 해요 그들의 업무에 심리적 개념을 탑재시키는 일이 무엇보다 시급합니다단원고에 백 여명의 소아청소년 정신과 의사 등이 투입돼 학생들을 치유하고 있다더군요 정말 다행이고 고마운 일이죠 아이들을 학교에 모아서 같이 얘기하고 있잖아요 이럴 때 혼자 있다 보면 내가 문제라고 생각하게 되거든요 그런데 속마음을 꺼내놓고 함께 얘기하다 보면 이게 나만 그런 게 아니란 걸 알게 돼요 내가 못 나서 책임이 있어서 이런 게 아니라 이런 상황에서 사람들이 다 느끼는 집단적인 감정이구나 이것이 확인이 되면 자기와 자기 아닌 것 사이에 경계가 생기고 방어막이 생겨서 자기를 보호할 수 있게 됩니다 그래서 혼자 있으면 안 되고 다 나와서 함께 얘기해야 돼요 일이 수습되면 유족들도 그래야 합니다 모여야 합니다 인터뷰 다음 날 정혜신은 진도로 내려 갔다 팽목항 신원확인소에서 실종됐던 학생들이 구명조끼를 입은 채 잠든 듯 부모와 만나는 모습을 지켜보며 내내 마음을 포갰다고 했다 그게 지금 자신이 할 수 있는 최선이라고 했다 여러 광경들이 떠올랐다시신을 싣고 가는 앰블런스 기사에게 아이가 깰 수도 있으니 살살 운전해 달라는 엄마가 있었다 바다를 바라보며 타이르듯 아가야 그만 버티고 가거라 살아 있어도 구해줄 것 같지 않아 그만 가서 쉬어 깜깜한 데서 춥고 배고프잖아 엄마가 곧 따라가서 안아줄게 그렇게 말한 엄마도 있었다 세월호가 침몰한 그날부터 심장에 그런 슬픔과 고통이 시한폭탄처럼 심어진 부모들이 수백 명이다 생존자들 수백 명도 마찬가지다 가족 친지는 수천 명이다 구조대원과 자원봉사자 지켜보던 수천 만명의 심장에도 시한폭탄이 하나씩 심어졌다 이제 째각째각 시간이 흐르기 시작한다 제대로 대처하지 못하면 트라우마의 시한폭탄은 반드시 터진다 예외가 없다 살려면 세월호 트라우마가 어떤 재앙인지를 정확히 알아야 한다 그것이 우리 모두에게 씻을 수 없는 고통과 상처가 되리란 사실을 인정해야 한다 그래서 시간이 얼마가 걸리든 돈이 얼마가 들든 생존자와 유족들을 필사적으로 살려내야 한다 그들의 시한폭탄이 터지면 결국 우리도 다 죽는다 그런 걸 지키는 게 진짜 안보다 국민들의 트라우마는 어떻게 치유하느냐는 질문에 정혜신은 이렇게 답했다 아이의 얼굴을 확인하러 온 엄마들은 바닥에 드라이아이스가 깔려 있는 줄 모른 채 아이의 몸이 너무 차다며 담요를 찾습니다 드라이아이스는 부패를 막기 위한 필수적인 조치이지만 엄마의 마음을 위로하기 위해서 아이들에게 따뜻한 담요를 덮어주면 좋겠다 생각했습니다 우리가 세월호 트라우마에 대처하는 방식이 그랬으면 저는 좋겠습니다 심각한 신경증이 있지 않다면 이 슬픔에 더 적극적으로 참여하시길 권합니다 우선 분향소부터 찾으시길요 함께 슬퍼할 수 있으면 많이 슬프지 않습니다 많이 힘들다면 혼자 슬퍼해서 그럴 수도 있습니다심리치유 전문가 정혜신의 그 말을 믿어 보기로 했다 왠지 위안이 되는 느낌이기도 하고 지금은 내가 해볼 수 있는 더 좋은 방법을 알지 못하겠다이명수 심리기획자 녹취 전다은인터뷰 전문은  호에서 보실 수 있습니다▷ 한겨레  기사 더 보기 
2,세월호 이전으로 되돌아갈 수는 없다는 현실이 사람들의 발길을 끌어모았다  일 오후  시 서울 동교동 가톨릭청년회관에 시민  여명이 각자의 세월호를 이끌고 나타났다 팟캐스트를 통해 이승욱의 공공상담소를 진행하는 정신분석가 이승욱씨가 자리를 마련했다 이날 모임의 주제는 세월호를 구하기 위한 마음의 연대체 만들기였다 이씨는 어떤 주제라도 좋으니 하고 싶은 얘기를 다 털어놓자고 제안했다  시간에 걸쳐 시민들은 세월호와 나를 두고 이야기를 나눴다 희망이 들어설 자리는 좁았다 미리 막지 못해 돌이킬 수 없는 과거가 되어버린 참사에서 느끼는 무력감 제대로 된 수색도 안 된다는 현재 상황에 대한 불신 이 사건도 언제가 잊혀질 거라는 미래의 망각을 슬퍼하고 두려워하는 이들이 많았다 대학생 윤세영씨는 무력감을 토로했다 이렇게 한번 난리 치고 또 금방 수그러들 거잖아요 저는 좀 못 믿겠습니다 뭘 해야 하는지도 모르겠고 또 뭘 하더라도 과연 바뀔까 하는 생각이 많이 들어요 윤씨는 사고 뒤로 휴대전화에 뜨는 속보나 뉴스를 챙겨 보지 않는다고 했다 대학생 홍유리씨도 순식간에 달아올랐다가 금방 식어버리는 우리 사회의 냄비 근성을 지적했다 금방 잊혀질 거 같아요 근본적인 것은 고치지 않는데 수학여행만 안 보내면 그만일까요 사고를 접하고 울기도 많이 울었지만 분노 역시 느껴요라고 했다 고등학교  학년인 김채영양은 그 누구도 책임지지 않으려는 어른들의 세계를 꼬집었다 우리도 곧 어른이 되는 문턱에 있잖아요 우리가 그동안 책임지는 것에 대해 배워왔는지 친구들과 얘기를 나눴어요 어른들은 언제 어떻게 책임에 대해 배웠을까요 나는 어떻게 책임이라는 것을 배우고 살아야 할까요 한 학부모는 세월호 침몰 장면이 우리의 교육 현실을 그대로 보여주는 것 같아 숨이 멎는 것 같았다고 고백했다 중고생 자녀를 둔 엄마인 노성희 씨의 얘기다 학교에서는 꿈이나 희망 같은 멋있는 말들을 모아서 교육을 시키겠다고 하지만 정작 아이들이 맞닥뜨린 현실은 그렇지 않잖아요 그럴 때마다 내가 아이를 생매장시키고 있구나라는 생각이 들었거든요 노씨는 아이들을 그 속에 밀어넣도록 공모한 어른들이 마치 약자나 희생자인 것처럼 행동하는 게 굉장히 비열하다는 느낌이 든다고 했다 슬픔과 분노 끝에 세월호의 교훈이 잊혀질까 두려워하는 이들이 많았다 대학생 정민지씨의 목소리가 떨렸다 기사를 보면서  일간 아무것도 못하고 울었더니 너무 힘들더라고요 그러다 보니 이 사건을 잊어버리고 싶은 거예요 그런데 그럼 안 되는 거잖아요 우리가 진정 분노하는 것은 무엇인지 정녕 두려워하는 것은 무엇인지를 두고 긴 이야기가 끝난 뒤 참석자들은 서로 손을 잡고 희생자들을 위해 고개 숙여 묵념을 했다 작은 마음의 연대체가 생기는 순간이었다 이승욱씨는 앞으로 살아가는 데 필요한 연대의 기운을 느끼고 가신다면 좋겠다고 했다 박수지 기자  
3,박근혜 대통령이  일 정홍원 국무총리의 사의 표명에 대해 선 수습 후 사표 수리 방침을 밝혔다 정 총리의 때이른 사의 표명은 참사 수습이 길어지면서 점점 커지는 청와대 책임론을 차단하려는 목적 아니냐는 지적이 나온다 참사 이후  일째인  일까지도 국정 최고 책임자인 박 대통령은 아직 제대로 된 사과 한마디 내놓고 있지 않은 점도 이런 비판을 키우고 있다 결국 정 총리의 사의 표명은 민심 수습용 고육책으로 꺼내든 것으로 보이지만 민심을 달래는 데 별 도움이 되지 않을 뿐 아니라 사표 수리가 정해진 시한부 총리가 사태를 제대로 수습할 수 있을지도 의문이다 재난 대응 컨트롤타워가 아니다라고 밝혀온 청와대가 총리 사퇴 이후 어떤 수습책을 구상하고 있는지도 여전히 불투명하다 ■ 정 총리청와대 손발 맞췄나 정 총리의 사퇴 기자회견은 사전에 청와대와 긴밀한 조율을 거친 정치적 판단의 결과로 보인다 지난주에 이뤄진 일부 여론조사에서 박 대통령의 국정지지도가 큰 폭으로 떨어지는 등 민심 수습 카드가 절박한 시점이기도 했다 총리실 관계자는 기자회견 뒤 청와대와 사전에 상의했다 사퇴 회견문도 준비를 많이 했고 행간에 궁금해할 만한 게 다 담겨 있다고 설명했다 박 대통령의 뜻이 반영됐다는 이야기다 정 총리가 기자회견 뒤 청와대가 이를 이어받아 총리의 사태 수습이 마무리되면 사표를 수리하겠다고 밝힌 것도 미리 예정돼 있었을 가능성이 크다 박 대통령의 선 수습 후 사퇴 방침 역시 정 총리와 공유가 된 것으로 보인다 정 총리가 정부의 사태 수습 문제점의 책임을 모두 떠안겠다는 태도를 취한 것은 박 대통령에게 향하는 정치적 책임을 막기 위한 것으로 보인다 정 총리가 더는 박 대통령의 국정운영에 부담을 줄 수 없다며 자신의 책임론을 들고나온 것도 이런 해석에 무게를 더해준다 정 총리는 참사 수습에 대한 박 대통령의 질책이 쏟아진 다음날인  일에도 국무회의에서 대통령을 대신해 정부 대표로 사과를 한 바 있다 ■ 사표 총리 수습 주도청와대 다음 대책은 사표를 잠시 되돌려 받은 정 총리가 다시 사고 수습을 맡게 되면서 정부의 사고 대응 체계도 기존과 같은 방식으로 운영될 전망이다 일부에선 사퇴 의사를 밝힌 총리가 각 부처를 제대로 지휘할 수 있는지 의문을 표시하고 있다 정 총리가 수습 과정에서 유족 및 실종자 가족들에게 신뢰를 잃어 정 총리가 나서서 이들을 설득하고 이해를 구하기가 쉽지 않을 것이라는 전망이 많다 이런 이유로 청와대 내부에서도 사표 수리를 마냥 늦추기 어렵다는 의견도 만만치 않다 새누리당 일부에선 정 총리의 사의 표명 직후 청와대가 사표를 수리하면서 전면에 나서지 않겠느냐는 해석이 나오기도 했지만 청와대는 오후 브리핑에서 수습 이후 사표 처리라고 밝힐 뿐 책임을 지겠다는 말은 하지 않았다 박 대통령이 총리 사퇴와 세월호 참사에 대해 다시 공식적으로 언급하는 자리는  일 국무회의가 될 것으로 예상된다 이 자리를 통해 박 대통령의 공개 사과를 포함한 개각이나 청와대 개편 등의 특단의 추가 대책을 내놓을지 여부가 주목된다 청와대는 이와 함께 정 총리 사의 표명에 맞춰 후임 총리 인선 준비를 시작했으며 내부적으로는 개각에 필요한 인사 검증도 함께 검토하고 있다 총리가 개각 대상에 들어간 만큼 대폭 개각이 예상된다 정치권에서는 이번 사고의 대처에 직접적인 책임이 있거나 물의를 빚었던 안전행정부와 해양수산부 교육부 장관 등이 개각 대상에서 빠지기 어려울 것으로 보고 있다 다만 개각 시점은 인사청문회를 의식해 지방선거 이후로 미룰 것이라는 예상도 나온다 하지만 여권 일각에서는 일부 각료에 대해선 지방선거 전이라도 교체해야 한다는 주장도 만만치 않다 청와대 비서진 개편 여부도 주목된다 일각에선 세월호 참사 대응 과정에서 청와대 국가안보실 위기관리센터는 재난 컨트롤타워가 아니다라는 발언으로 여론의 공분을 불러일으켰던 김장수 국가안보실장 등의 개편 가능성도 제기된다 석진환 기자 대형참사 터지면고개부터 숙인 대통령들진도 앞바다에서 세월호가 침몰한 지  일째인  일까지 국정운영의 최고 책임자인 박근혜 대통령은 단 한번도 직접 사과하지 않았다 다만 박 대통령은 학생들이 불행한 사고를 당해 참담한 심정을 느끼며 월 일 얼마나 애가 타겠느냐 일고 실종자 가족을 위로했다 이번 세월호 침몰 이후 정부 차원의 사과는 정홍원 총리에게서만 나왔다 박 대통령이 정부의 부실 대응을 질타한 다음날인  일 정홍원 국무총리가 비통함과 무거운 책임을 통감한다며 사과했고 이어  일 사의를 표명하면서 유가족 여러분께 마음 깊이 진심으로 사죄를 드린다고 거듭 사과했다클릭하면 확대됩니다 대통령의 침묵과 국무총리의 대리 사과는 역대 정권이 대형 참사를 수습했던 방식과는 다르다 대형 참사를 많이 겪었던 김영삼 전 대통령은 사고가 터지면 사과부터 했다  년  월 일 서해훼리호 침몰로  명이 숨졌을 때 김 전 대통령은 이틀 뒤 사고 현장을 방문해 국민께 진심으로 죄송하다며 머리를 숙였고 같은 달  일 대국민 사과문을 통해 대통령으로서 책임을 통감한다고 다시 한번 사과했다 김 전 대통령이 대국민 사과문을 발표한 날 교통부 장관과 해운항만청장이 경질됐다  년  월 일 성수대교가 무너졌을 때도 김 전 대통령은 사고 사흘 뒤 대국민 담화문을 텔레비전을 통해 발표하면서 국민께 많은 심려를 끼쳐드린 데 대해 참으로 죄송스럽게 생각한다고 사과했다 김대중 정권에선  년  월 일 청소년수련원인 씨랜드 화재 사고로 유치원생과 교사  명이 목숨을 잃었다 김 전 대통령은 다음날 부인 이희호씨와 함께 희생자 합동분향소를 찾아 대통령으로서 미안하다 무슨 말로도 가족들의 슬픔을 위로할 수 없는 비통한 심정이라고 고개를 숙인 뒤 진상을 철저히 규명해 책임자를 분명히 처벌하겠다고 말했다 그러나 김 전 대통령은 당시 김종필 국무총리를 비롯한 내각에 책임을 묻지는 않았다 노무현 전 대통령도 사과를 아끼지 않았다 대통령 당선인 시절이던  년  월 일 대구지하철 방화 사건으로  명의 사상자가 발생하자 사고 사흘 뒤 열린 대통령직인수위원회 회의에서 희생자 가족들과 국민에게 머리 숙여 사과한다며 국민에게 죄인 된 심정으로 사후 대처하겠다고 약속했다 노무현 정부 때는 재난을 총괄하는 소방방재청이 신설되고 청와대 국가안전보장회의 안에 통일외교안보 현안과 더불어 안전재난 관리까지 위기관리시스템 총괄 역할을 맡게 했다 이명박 전 대통령도 군 장병  명이 숨지거나 실종된 천안함 침몰 사고 년  월 일 당시 뒤늦은 사과를 했다 이 전 대통령은 사고  일 만인  월 일 천안함 희생장병 추모 연설에서 군 통수권자인 대통령으로서 무한한 책임과 아픔을 통감한다고 말하며 희생자의 이름을 한 명씩 부르기도 했다서보미 기자  
4,진도 앞바다에서 세월호가 침몰한 지  일째인  일까지 국정운영의 최고 책임자인 박근혜 대통령은 단 한번도 직접 사과하지 않았다 다만 박 대통령은 학생들이 불행한 사고를 당해 참담한 심정을 느끼며 월 일 얼마나 애가 타겠느냐 일고 실종자 가족을 위로했다 이번 세월호 침몰 이후 정부 차원의 사과는 정홍원 총리에게서만 나왔다 박 대통령이 정부의 부실 대응을 질타한 다음날인  일 정홍원 국무총리가 비통함과 무거운 책임을 통감한다며 사과했고 이어  일 사의를 표명하면서 유가족 여러분께 마음 깊이 진심으로 사죄를 드린다고 거듭 사과했다 대통령의 침묵과 국무총리의 대리 사과는 역대 정권이 대형 참사를 수습했던 방식과는 다르다 대형 참사를 많이 겪었던 김영삼 전 대통령은 사고가 터지면 사과부터 했다  년  월 일 서해훼리호 침몰로  명이 숨졌을 때 김 전 대통령은 이틀 뒤 사고 현장을 방문해 국민께 진심으로 죄송하다며 머리를 숙였고 같은 달  일 대국민 사과문을 통해 대통령으로서 책임을 통감한다고 다시 한번 사과했다 김 전 대통령이 대국민 사과문을 발표한 날 교통부 장관과 해운항만청장이 경질됐다  년  월 일 성수대교가 무너졌을 때도 김 전 대통령은 사고 사흘 뒤 대국민 담화문을 텔레비전을 통해 발표하면서 국민께 많은 심려를 끼쳐드린 데 대해 참으로 죄송스럽게 생각한다고 사과했다 김대중 정권에선  년  월 일 청소년수련원인 씨랜드 화재 사고로 유치원생과 교사  명이 목숨을 잃었다 김 전 대통령은 다음날 부인 이희호씨와 함께 희생자 합동분향소를 찾아 대통령으로서 미안하다 무슨 말로도 가족들의 슬픔을 위로할 수 없는 비통한 심정이라고 고개를 숙인 뒤 진상을 철저히 규명해 책임자를 분명히 처벌하겠다고 말했다 그러나 김 전 대통령은 당시 김종필 국무총리를 비롯한 내각에 책임을 묻지는 않았다 노무현 전 대통령도 사과를 아끼지 않았다 대통령 당선인 시절이던  년  월 일 대구지하철 방화 사건으로  명의 사상자가 발생하자 사고 사흘 뒤 열린 대통령직인수위원회 회의에서 희생자 가족들과 국민에게 머리 숙여 사과한다며 국민에게 죄인 된 심정으로 사후 대처하겠다고 약속했다 노무현 정부 때는 재난을 총괄하는 소방방재청이 신설되고 청와대 국가안전보장회의 안에 통일외교안보 현안과 더불어 안전재난 관리까지 위기관리시스템 총괄 역할을 맡게 했다 이명박 전 대통령도 군 장병  명이 숨지거나 실종된 천안함 침몰 사고 년  월 일 당시 뒤늦은 사과를 했다 이 전 대통령은 사고  일 만인  월 일 천안함 희생장병 추모 연설에서 군 통수권자인 대통령으로서 무한한 책임과 아픔을 통감한다고 말하며 희생자의 이름을 한 명씩 부르기도 했다서보미 기자  
5,박근혜 대통령이  일 정홍원 국무총리의 사의 표명에 대해 선 수습 후 사표 수리 방침을 밝혔다 정 총리의 때이른 사의 표명은 참사 수습이 길어지면서 점점 커지는 청와대 책임론을 차단하려는 목적 아니냐는 지적이 나온다 참사 이후  일째인  일까지도 국정 최고 책임자인 박 대통령은 아직 제대로 된 사과 한마디 내놓고 있지 않은 점도 이런 비판을 키우고 있다 결국 정 총리의 사의 표명은 민심 수습용 고육책으로 꺼내든 것으로 보이지만 민심을 달래는 데 별 도움이 되지 않을 뿐 아니라 사표 수리가 정해진 시한부 총리가 사태를 제대로 수습할 수 있을지도 의문이다 재난 대응 컨트롤타워가 아니다라고 밝혀온 청와대가 총리 사퇴 이후 어떤 수습책을 구상하고 있는지도 여전히 불투명하다 ■ 정 총리청와대 손발 맞췄나 정 총리의 사퇴 기자회견은 사전에 청와대와 긴밀한 조율을 거친 정치적 판단의 결과로 보인다 지난주에 이뤄진 일부 여론조사에서 박 대통령의 국정지지도가 큰 폭으로 떨어지는 등 민심 수습 카드가 절박한 시점이기도 했다 총리실 관계자는 기자회견 뒤 청와대와 사전에 상의했다 사퇴 회견문도 준비를 많이 했고 행간에 궁금해할 만한 게 다 담겨 있다고 설명했다 박 대통령의 뜻이 반영됐다는 이야기다 정 총리가 기자회견 뒤 청와대가 이를 이어받아 총리의 사태 수습이 마무리되면 사표를 수리하겠다고 밝힌 것도 미리 예정돼 있었을 가능성이 크다 박 대통령의 선 수습 후 사퇴 방침 역시 정 총리와 공유가 된 것으로 보인다 정 총리가 정부의 사태 수습 문제점의 책임을 모두 떠안겠다는 태도를 취한 것은 박 대통령에게 향하는 정치적 책임을 막기 위한 것으로 보인다 정 총리가 더는 박 대통령의 국정운영에 부담을 줄 수 없다며 자신의 책임론을 들고나온 것도 이런 해석에 무게를 더해준다 정 총리는 참사 수습에 대한 박 대통령의 질책이 쏟아진 다음날인  일에도 국무회의에서 대통령을 대신해 정부 대표로 사과를 한 바 있다 ■ 사표 총리 수습 주도청와대 다음 대책은 사표를 잠시 되돌려 받은 정 총리가 다시 사고 수습을 맡게 되면서 정부의 사고 대응 체계도 기존과 같은 방식으로 운영될 전망이다 일부에선 사퇴 의사를 밝힌 총리가 각 부처를 제대로 지휘할 수 있는지 의문을 표시하고 있다 정 총리가 수습 과정에서 유족 및 실종자 가족들에게 신뢰를 잃어 정 총리가 나서서 이들을 설득하고 이해를 구하기가 쉽지 않을 것이라는 전망이 많다 이런 이유로 청와대 내부에서도 사표 수리를 마냥 늦추기 어렵다는 의견도 만만치 않다 새누리당 일부에선 정 총리의 사의 표명 직후 청와대가 사표를 수리하면서 전면에 나서지 않겠느냐는 해석이 나오기도 했지만 청와대는 오후 브리핑에서 수습 이후 사표 처리라고 밝힐 뿐 책임을 지겠다는 말은 하지 않았다 박 대통령이 총리 사퇴와 세월호 참사에 대해 다시 공식적으로 언급하는 자리는  일 국무회의가 될 것으로 예상된다 이 자리를 통해 박 대통령의 공개 사과를 포함한 개각이나 청와대 개편 등의 특단의 추가 대책을 내놓을지 여부가 주목된다 청와대는 이와 함께 정 총리 사의 표명에 맞춰 후임 총리 인선 준비를 시작했으며 내부적으로는 개각에 필요한 인사 검증도 함께 검토하고 있다 총리가 개각 대상에 들어간 만큼 대폭 개각이 예상된다 정치권에서는 이번 사고의 대처에 직접적인 책임이 있거나 물의를 빚었던 안전행정부와 해양수산부 교육부 장관 등이 개각 대상에서 빠지기 어려울 것으로 보고 있다 다만 개각 시점은 인사청문회를 의식해 지방선거 이후로 미룰 것이라는 예상도 나온다 하지만 여권 일각에서는 일부 각료에 대해선 지방선거 전이라도 교체해야 한다는 주장도 만만치 않다 청와대 비서진 개편 여부도 주목된다 일각에선 세월호 참사 대응 과정에서 청와대 국가안보실 위기관리센터는 재난 컨트롤타워가 아니다라는 발언으로 여론의 공분을 불러일으켰던 김장수 국가안보실장 등의 개편 가능성도 제기된다 석진환 기자  
6,해경이 세월호 침몰 당시 진도 해상교통관제센터와 나눈 교신내용 녹음파일을 일부 편집해 공개했다고  일 밝혔다 해경은 소음 제거 및 사고와 관련 없는 선박들의 위치 정보를 가리기 위한 편집이라고 해명했지만 관련 데이터를 압수한 검경합동수사본부는 다른 의도가 있었는지 살펴보기로 했다 해경은 일부 언론이 제기한 진도 관제센터 교신 조작 의혹과 관련한 해명자료에서 교신 당시 상황이 그대로 녹음된 탓에 여러 통신채널이 섞여 있어 소음이 심했다 또 녹음파일에 사고와 관련 없는 다른 선박의 위치정보와 배 이름 등 개인정보가 포함돼 있다 위치정보보호법에 따라 이를 편집해 내보낸 것이지 어떤 조작이나 의도를 가진 편집은 없었다고 했다 진도 관제센터는  개의 통신채널을 운영하고 있는데 사고 당시엔  명의 관제요원이 세월호와 교신을 한 것으로 알려졌다 앞서 해경은 진도 관제센터 교신내역 비공개 의혹  월 일치  면이 제기된 이튿날 사고 당시 교신내역을 공개했다 그러나 세월호 관제가 전혀 이뤄지지 않은 깜깜이 운항 의혹 해소를 위해 압수수색 등 강제수사가 필요하다는 지적  월 일치  면이 제기되는 등 의혹이 커지자 수사본부는  일 진도 관제센터를 압수수색했다 교신내역 일부 편집 사실이 확인되면서 본격 침몰이 이뤄지기 전인 오전  시 사이에 이뤄진 교신내역도 일부 편집됐을 가능성도 제기된다 하지만 해경은 해당 시간대는 세월호와 통신 사실이 전혀 없기 때문에 편집할 이유가 없다고 했다 박기용 기자  
7,우산을 쓴 채 손에 촛불을 든 시민과 어린이들이  일 오후 서울 중구 태평로 가 서울파이낸스센터 앞에서 세월호 실종자 무사생환을 염원하는 시민 촛불 문화제에 참여하고 있다 뉴시스 
8,승객들은 내버려둔 채 자신들만 먼저 탈출한 세월호 승무원들이 구조를 기다리면서 선실로 돌아가 옷을 갈아입고 나올 정도로 여유가 있었다는 진술이 나왔다  일 검경합동수사본부가 확보한 승무원들의 진술을 종합하면 침몰 당시 한  등항해사는 운동복 바지에 러닝셔츠만 입은 채 밖으로 나왔다가 다시 선실로 돌아가 웃옷을 걸치고 나온 뒤 구조됐다 꼼짝달싹할 수 없어 승객을 구조할 수 없었다 이것저것 생각할 여력이 없는 상황이었다는 식의 진술과는 배치되는 행동이다 앞서 일부 승무원들은 직통전화로 위기 상황을 공유하며 자신들만 아는 통로로 탈출해 해경 구명정에 가장 먼저 구조된 사실이 확인된 바 있다  층 기관사 침실에 모인 승무원  명은 불과   거리인  층에 학생들의 객실이 있었지만 객실 안에 머물라는 안내방송이 나오는 와중에 자신들만 탈출했다 문 하나만 열면 연결되는  층 객실에 탈출하라고 알리지도 않았다는 진술도 나왔다 이에 대해 일부 승무원들은 선원실과 객실 사이의 레스토랑 문이 잠겨 있었다고 항변했지만 이준석 구속 선장은 그 문은 평소 닫아놓을 뿐 잠그지 않는다고 진술한 것으로 알려졌다 이 선장도 승객들에게 탈출 안내를 제대로 하지 않은 것과 관련해 배가 기울어 꼼짝할 수 없었다는 책임회피성 진술을 한 바 있다 먼저 탈출한 승무원들 중에는 수사본부 조사에서 해경 구명정에 탄 뒤 해경과 함께 구조하려고 했다고 진술한 이도 있는 것으로 전해졌다 그러나 당시 승객들의 탈출을 막은 유리창을 깨려면 비상망치 등 도구가 필요했다는 점을 보면 탈출 승무원들이 실제 구조활동을 염두에 두고 있지는 않았다는 게 수사본부의 판단이다 수사본부 관계자는 생존 선원들 중에 승객 구호에 나선 사람이 아무도 없다고 말했다  일 밤 유기치사와 구난구호법 위반 혐의가 적용된 조타수 박아무개 씨 등  명의 구속영장이 발부되면서 승객을 버리고 생존한 선박직 선원  명은 전원 구속됐다 한편 수사본부는 선장 이씨 등이 진도 해상교통관제센터 등과 교신하는 와중에 인천의 청해진해운 해무팀에도 전화로 사고 상황을 보고한 사실을 파악했다 수사본부는 김한식 청해진해운 사장 등이 상황에 적절한 대응 조처를 했는지도 조사하기로 했다 수사본부는 또 청해진해운 임직원들이 규정에 어긋나게 많은 화물을 싣고도 업무를 적절하게 처리한 것처럼 꾸민 사실이 확인되면 위계에 의한 업무방해 또는 위계에 의한 공무집행방해 혐의로 처벌한다는 방침이다 김원철 기자 목포노현웅 기자  
9, 세월호 참사 이후 각 정당이 선거운동을 자제하고 있는 가운데 새누리당 강화군수 경선 과정에서 특정 후보 지지를 부탁하며 돈봉투가 건네진 정황이 드러나 경찰과 선거관리위원회가 조사에 나섰다  일 새누리당 관계자 등의 말을 종합하면 인천 강화군의 한 단체 대표 ㅇ씨가 강화군 면 단위의 유관단체 대표들에게 새누리당 강화군수 경선에 나선 ㄱ후보의 지지를 부탁하며  만원을 돌렸다는 주장이 나왔다 돈봉투 살포 의혹은 돈을 받은  명이 사실확인서를 공개하면서 알려졌다 이들은 사실확인서에서 지난  일 밭에서 일을 하고 있는데 ㅇ씨가 잠깐 보자고 해서 나갔더니 새누리당 경선에 나선 ㄱ후보 지지를 부탁하고  만원권 지폐  장이 든 봉투를 주면서 ㄱ후보 지지 문자를 보내줄 것을 부탁했다고 주장했다 ㅇ씨는 돈봉투와 함께 새누리당 강화군수 후보 여론조사 경선이  일 일반전화로 실시되니 특정 후보 지지를 부탁한다는 문자메시지 형식과 컴퓨터로는 문자 발송이 불가능하니 휴대폰으로만 문자를 발송하고 주민자치위원 이장 반장들에게는 문자를 발송할 수 없다는 등의 내용이 적힌 종이도 전달했다고 이들은 밝혔다 ㅇ씨는 강화군 관내  여명의 면 단위 유관단체 대표에게 이런 부탁과 함께 돈봉투를 전달한 것으로 알려졌다 는 ㅇ씨에게 사실관계를 확인하려고 연락했지만 ㅇ씨의 휴대전화가 꺼져 있어 통화를 하지 못했다 경찰과 선관위는 ㅇ씨가 건넨 돈봉투와 자필확인서를 확보하고 돈봉투를 건넨 경위 등을 조사중이다 이에 대해 ㄱ후보는 며칠 전에 ㅇ씨 등 여러명이 선거사무실에 왔는데 사회관계망서비스 선거운동 방법이 적힌 안내문을 몇 장 가져간 적은 있지만 이번 일과는 전혀 관련없다며 돈봉투는 ㅇ씨가 지역을 순회하며 격려금 차원에서 준 것을 상대 후보 쪽에서 협박해 확인서를 받은 것으로 알고 있다고 주장했다 인천김영환 기자  
10,정부는 무능하기만 했지만 시민들은 큰 슬픔 앞에서도 성숙한 의식을 보여줬다 세월호 침몰사고 초기 대응부터 구조 수색에 이르기까지 정부가 허둥대는 사이 그 공백을 메운 것은 시민들의 자발적인 참여였다 전남 진도와 경기 안산에서는  명이 넘는 시민들이  시간 세월호 희생자 유족과 실종자 가족 지원에 나서고 있다 희생자를 돕기 위한 성금 모금에도 마음을 나누려는 손길이 봇물을 이루고 있다  일 오전  시 경기도 안산시 와우스타디움 앞 전세 버스  대에 안산라이온스클럽 회원  명이 차례로 올랐다 진도 팽목항에서 자원봉사중인 안산시여성단체협의회 소속 자원봉사자들과 임무를 교대할 이들이다 이들은 오후  시께 팽목항에 도착해 자원봉사에 나섰다 실종자 가족을 위한 배식과 설거지 청소 등이 이들의 몫이다  일 오후에는 안산시 로보캅 자원봉사자들이 이들과 교대한다 자원봉사에 참여한 김아무개씨는 내가 아는 분도 실종자 가족이다 무슨 말이 필요할까 그들의 말을 들어주고 함께 울고 따뜻한 미음이라도 먹여드리려 한다고 말했다 진도 현지 자원봉사가 시작된 것은 사고 직후인  일 새벽  시께부터다 안산사랑운동본부 김혜자 사무국장이 자원봉사자  명과 함께 진도 현장을 찾은 뒤 지난  일 단원고 돕기 안산시 시민단체협의회를 꾸렸다 참안산사람들 등 현재  개 시민단체가 참여해 지난  일부터 매일  개 단체씩 돌아가며 현지 자원봉사를 하고 있다 자신도 수년 전 사고로 자식이 다친 아픈 기억을 간직하고 있는 김혜자 국장은 진도에서 엄마 아빠들이 공황상태 속에서 구조해달라고 절규하는데 정부는 우왕좌왕하기만 했다고 말했다 그는 정홍원 국무총리가 이날 이번 사고의 책임을 지고 물러나겠다는 뜻을 밝힌 데 대해서도 부모님들의 피 끓는 심정을 정말 헤아렸다면 지금 총리가 사직한다고 말해야 하나 무책임하다고 했다 슬픔을 극복한 성숙한 시민의식은 안산에서도 빛을 발하고 있다 임시분향소가 있는 안산 올림픽기념관과 단원고 앞 수원안양성남의 화장장 그리고  여곳의 안산시흥지역 장례식장에서 안산시 자율방법대 안산초중고 학부모 봉사단 안산시 개인택시조합 등의 단체가 자원봉사를 하고 있다 학부모와 택시기사는 물론 일을 마친 직장인들도 힘을 보탠다 임시분향소 건너편에서는 전국택시산업노조 안산지부 소속 법인택시 기사들이 가슴에 검은색 리본을 달고 나와 매일 아침  시 분부터 다음날 새벽  시까지 평균  여차례 유족과 학생들을 무료로 태워주고 있다  여명씩 하루에  개조로 나눠 봉사를 하고 있는데 이들이 택시회사에 내야 할 사납금  만 원은 노조가 대신 내준다 대신 기사들은 자신들의 하루 수입을 포기했다 신동한 전국택시산업노조 안산지부장은 유족을 태우고 가며 이야기를 하다 슬픔에 겨워 함께 울기도 한다 하지만 택시기사인 내가 할 수 있는 일은 이것밖에 없지 않은가라고 말했다 자원봉사가 어려운 시민들은 다른 방법으로 마음을 나눈다 사고 하루 다음날인 지난  일 인터넷 포털 다음과 네이버에서는 한 누리꾼이 우리가 할 수 있는 게 아무것도 없다 세월호 생존자 무사귀환과 희생자를 위한 응원 댓글을 달고 모금을 하자는 청원을 시작했고  일부터 희망브리지 전국재해구호협회를 집행기관으로 지정해 모금에 나섰다 열흘 만인 이날 현재 다음 희망해에  만 명 네이버 해피빈에  만 명이 참여해  억 만원을 모으는 등 지금까지 전국에서 모두  만여명이 참여해  억원을 모금했다 지난  일 자체 누리집에 모금 사실을 뒤늦게 공지한 전국재해구호협회에도 성금이 답지했다 유명 연예인과 스포츠 스타들은 물론 이름을 밝히기를 거부한 많은 이들이 십시일반 정성을 보탰다  월 한 달치 월급  만원을 보내온 현직 경찰관도 있다 교도소와 국외에서도 연대의 손길이 이어졌다 전국재해구호협회 홍선화 차장은 다른 대형 재난이 발생했을 때 모금에 나서면 왜 우리가 돈을 내냐 정부가 해야지 하는 반감도 있었다 그런데 이번에는 정부는 그렇게 무능하지만 그래도 우리는 세월호의 유족과 실종자들을 도와야 한다고 말하는 분들이 많다고 전했다 안산홍용덕 김일우 기자  
11,정홍원 국무총리가 여객선 세월호 참사 사고 발생 및 정부의 미흡한 대처에 책임을 지겠다며 사고 발생  일 만인  일 전격적으로 사의를 표명했다 박근혜 대통령은 사고 수습 이후에 정 총리의 사표를 수리하겠다는 방침을 밝혔다 정 총리는 이날 오전  시 정부서울청사에서 긴급 기자회견을 열어 사고 발생 예방부터 사고 이후의 초동 대응과 수습 과정에서 많은 문제들을 제때에 처리하지 못한 점에 대해 정부를 대표하여 국민 여러분께 사과드린다며 국무총리로서 응당 모든 책임을 져야 한다고 생각했다고 말했다 세월호 사고 실종자가 아직  명 넘게 남은 상황에서 정부 대책 총괄기구중앙안전관리위원회의 위원장을 맡고 있는 총리가 사표를 낸 것이다 정 총리는 우선은 사고 수습이 급선무이고 하루빨리 사고 수습과 함께 대책을 마련하는 것이 책임있는 자세라고 생각했다면서도 그러나 이제 더 이상 제가 자리를 지킴으로써 국정운영에 부담을 줄 수 없다는 생각에 사퇴할 것을 결심했다고 말했다 여야 정치권이 지난주부터 청와대에 내각 총사퇴 등 정치적 결단을 요구하기 시작한 정치적 상황을 고려한 것임을 스스로 밝힌 것이다 박근혜 대통령은 정 총리의 사의 표명 뒤 지금 가장 시급한 것은 구조작업과 사고 수습으로 이게 최우선이기 때문에 사고 수습 이후 수리하는 게 바람직하다고 말했다고 민경욱 청와대 대변인이 전했다 이에 대해 새정치민주연합의 김한길안철수 두 공동대표는 이날 기자회견에서 지금 이 시점에서 내각의 수장인 총리가 홀로 사퇴를 선언한 것은 지극히 무책임한 자세이며 비겁한 회피라며 관련자 책임을 묻는 것에 앞서 국정 최고 책임자인 대통령의 반성과 사과가 있어야 한다고 요구했다 김외현 석진환 기자  
12,정홍원 국무총리가  일 세월호 참사 정부 대응의 총체적인 실패에 대한 책임을 지고 사퇴의 뜻을 밝히자 사고 피해자 가족을 중심으로 시기와 방법 모두 부적절하다는 성토가 쏟아졌다 전문가들은 대통령의 국정운영 부담이 사퇴 결심의 계기가 됐다고 총리 스스로 밝힌 대목을 두고 사퇴 결심의 진정성마저 의심스럽다고 평가했다 전남 진도와 경기도 안산의 세월호 피해자 가족들은 총리의 사의 표명에 차갑게 반응했다 실종된 딸의 생사 소식을 애타게 기다리고 있는 한 남성 은 처음부터 우왕좌왕하며 일을 엉망으로 벌여놓고 어딜 가겠다는 것인지 한심하다고 분노했다 다른 실종 학생의 아버지 는 여전히 실종자를 기다리는 가족들이 있는데 총리가 중간에 그만둔다는 말을 어찌 하느냐며 말을 잇지 못했다 동생의 주검을 아직 찾지 못한 유아무개 씨도 그만둔다는 말은 아이들 시신이라도 다 찾고 꺼내야 하는 것 아니냐 이런 식으로 우왕좌왕하다가 사고 수습만 늦어진다고 목소리를 높였다 실종된 딸을 기다리는 한 어머니는 더이상 정부를 믿을 수 없는 상황에서 대통령이 총리 사표를 수리하든 말든 뭐가 중요하겠나 이랬다저랬다하는 게 혼란스럽기만 하다고 말했다  대의 한 희생자 유족은 정부는 유가족 생각은 조금도 안 하고 행정업무 하기만 바쁘다 사고 수습도 안 된 상황에서 총리가 사퇴 운운하는 게 말이 되느냐고 말했다 이철희 두문정치전략연구소장은 이런 유족들의 반응에 대해 국민들은 정부가 국민과 고통을 나누고 끝까지 책임을 지는 것을 원하는데 중도사퇴라는 국민정서와는 전혀 동떨어진 식상한 방법을 택한 것이라며 혹시라도 선거가 가까워져 국면을 전환하려 한 의도가 있었다면 지금 상황의 본질을 잘못 파악하고 있는 것이라고 말했다 유창선 시사평론가는 정 총리가 사퇴를 결심한 이유로 국정운영에 부담을 줄 수 없어서라고 밝힌 것은 국민보다 대통령에 대한 책임을 우선시하는 것으로 국민과 공감하지 못하는 극히 비정상적인 태도라며 지금 필요한 건 대통령까지 나서서 국민 앞에 진정으로 사과하고 사태 수습에 총력을 다하는 모습이라고 말했다 진도최우리 박승헌 기자 하어영 기자  
13,한국작가회의 애도 시 릴레이한국작가회의와 는 세월호 참사 피해자와 가족뿐 아니라 지켜보는 모든 이의 슬픔을 달래고 보듬기 위한 노력의 하나로 작가회의 회원들의 시를 연속으로 싣는다이름짓지 못한 시고 은지금 나라초상입니다 얼굴도 모르는 상감마마 승하가 아닙니다 두 눈에 넣어둔 내 새끼들의 꽃 생명이 초록생명이 어이없이 몰살된 바다 밑창에 모두 머리 박고 있어야 할 국민상 중입니다세월호 실종자들의 무사 귀환을 염원하는 노란 리본이 나부끼는 전남 진도군 팽목항 부두에서  일 오후 한 실종자 가족이 빗속에서 흐느끼고 있다 진도김봉규 선임기자  세상에 세상에 이 찬란한 아이들 생때같은 새끼들을 앞세우고 살아갈 세상이 얼마나 몹쓸 살 판입니까 지난 열흘 내내 지난 열며칠 내내 엄마는 넋 놓아 내 새끼 이름을 불러댔습니다 제발 살아있으라고 살아서 연꽃봉오리 심청으로 떠오르라고 아빠는 안절부절 섰다 앉았다 할 따름 저 맹골수도 밤바다에 외쳤습니다 나라의 방방곡곡 슬픔의 한사리로 차올랐습니다 너도나도 쌍주먹 쥔 분노가 치밀었습니다 분노도 아닌 슬픔도 아닌 뒤범벅의 시꺼먼 핏덩어리가 이내 가슴속을 굴렀습니다 나라라니오 이런 나라에서 인간이라는 것 정의라는 것이 얼마나 허약한 것인지 새삼 깨달았습니다 무슨무슨 세계 위는 자살  위의 겉이었습니다 무슨무슨 세계  위는 절망  위의 앞장이었습니다 사회라니오 그 어디에도 함께 사는 골목이 남아있지 않습니다 신뢰라니오 그 어느 비탈에도 서로 믿어 마지않는 오랜 우애가 자취 없어지고 말았습니다흔히 공이 없고 사만 있다 합니다 아닙니다 사도 없습니다 제대로 선 사만이 공을 낳습니다 신성한 사들이 다 썩어문드러진 것입니다 이런 사로 권세를 틀어쥐고 부귀를 꽉 움켜잡고 있는 죽음의 세월입니다 오늘도 저 남녘 앞바다 화면 앞에 있습니다 아무리 땅을 친들 땅을 쳐 피멍들 손바닥뿐인들 내 새끼의 환한 얼굴이 달려올 리 없건만 밤 지새울 멍한 아침바다를 바라봅니다어찌 엄마아빠뿐이겠습니까 이 나라 풀 같은 나무 같은 백성 남녀노소라면 저 과체중의 선체가 기울었을 때부터 하루 내내 실시간의 눈길이 꽂혀왔습니다 그 선체마저 잠겨 겨우 꼬리만 들린 채 나라와 세상살이 갖은 부실 갖은 비리 하나하나 드러내는 통탄의 날들을 보냈습니다이런 역적 같은 이런 강도 같은 참변 앞에서 과연 이 나라가 나라 꼬라지인가 물었습니다 이런 무자비한 야만이 저지른 희생 앞에서 이 사회가 언제나 청정한 하루하루일 것인가를 따졌습니다 인간이 인간에 대하여 얼마나 인간이었던가를 뉘우쳤습니다 영혼이라는 말 양심이라는 말이 왜 있는지 몰라야 했습니다 알아야 했습니다내 새끼야 내 새끼야 내 새끼야 꽃들아 초록들아 이토록 외치는 이 내 심신 차라리 풍덩 내던져 우리 모두 빵영으로 돌아가 다시 하나둘 시작해야 하겠습니다 나도 너도 나라도 무엇도 다시 첫걸음 내디뎌야 하겠습니다 그리하여 이른바 고도성장의 탐욕으로 마비된 것 이른바 무한경쟁으로 미쳐버린 것 이른바 역대권력에 취해버린 것 하나하나 각고로 육탈로 떨쳐내야 하겠습니다 그리하여  인과  인의 향연이 아닌 만인의 영광을 누려야 하겠습니다못 박아야 하겠습니다 이 사태는 올가을이면 내년 봄이면 파묻어버릴 사태가 아닙니다  백년 내내 애도해야 합니다 죽은 꽃들을 그 앳된 초록들을 이 내 피눈물의 새끼들을 망각을 물리치고 불러내야 하겠습니다 허나 지금 아 이 나라는 울음 복 울부짖음 복이 터진 나라입니다 이 나라는 분노의 복이 터진 나라입니다내 새끼야 내 새끼야 내 새끼들아 여객선 세월호 침몰 사고  일째인  일 오후 경기도 안산시 단원구 고잔동 문화광장에서 실종자들의 무사귀환을 바라는 기원문 사이로 촛불이 타오르고 있다   연합뉴스 
14, 세월호 선사인 청해진해운의 실소유주로 알려진 유병언  전 세모그룹 회장 일가의 비리 의혹을 수사하는 인천지검 특별수사팀팀장 김회종은 유 전 회장 자녀와 측근들이 주주로 있는 계열사 사이의 부당거래로 빼돌려진 돈 일부가 유 전 회장 일가 쪽으로 흘러간 정황을 포착한 것으로  일 알려졌다 검찰은 유 전 회장 일가의 자금 상황을 잘 알고 있는 회계사 김아무개씨의 사무실 등을 압수수색한 데 이어 김씨를 조만간 불러 조사할 방침이다 검찰은 유 전 회장의 두 아들이 대주주로 있는 지주회사 아이원아이홀딩스를 정점으로 지분관계가 거미줄처럼 얽혀 있는 계열사들이 회계상 각종 명목으로 거래를 하며 실제보다 금액을 축소해 기재하는 등의 방법으로 돈을 빼돌린 정황을 파악한 것으로 전해졌다 검찰은 이 돈이 복잡하게 세탁돼 유 전 회장 측근들한테 흘러간 것으로 의심하고 유 전 회장 주변에 대한 광범위한 자금추적을 벌이고 있다 검찰은 유 전 회장의 직간접 개입 여부를 입증하는 데 수사력을 모으고 있다 검찰은 지난  일 유 전 회장의 핵심 측근인 고아무개  세모 대표를 불러 유 전 회장이 부당한 내부거래나 비자금 조성을 지시했는지 등을 조사했다 고 대표는 유 전 회장은 일절 관여한 바 없다며 각종 혐의를 전면 부인한 것으로 전해졌다 검찰은 지난  일 청해진해운과 관계사의 회계업무를 담당한 회계사 김씨의 서울 강남 사무실과 자택 등  곳에 대한 압수수색에 나서 회계장부와 금전거래 내역 등을 확보했다 김씨는  년 이상 청해진해운의 회계감사를 맡고 청해진해운의 최대주주인 천해지의 임원을 지내는 등 유 전 회장 일가의 재무관리를 맡아온 인물로 알려졌다 검찰 관계자는 회사 실무진이나 내부 사정을 잘 아는 퇴직자 등을 상대로 조사를 진행하고 있는데 일부 조사 대상자들은 보복 우려 등을 이유로 가명 조사를 원하거나 조사 사실을 비밀로 해달라고 요청하고 있는 상황이라며 조사 대상자 등에 대한 보복이나 위해가 있을 경우 공권력에 대한 정면도전으로 간주하고 끝까지 추적해 엄벌하겠다고 말했다 검찰은 이번주부터 국외에 머물고 있는 주요 계열사 대표와 유 전 회장 자녀 등을 불러 조사할 방침이다 인천김정필 박수혁 기자  
15,주성호 전 국토해양부  차관은 지난해  월 한국해운조합 이사장에 취임했다  차관에서 퇴임한 지 여섯달 만이었다 통상 고위공직자가 퇴임 뒤  년 안에 재취업하려면 퇴직 전  년 동안 맡았던 업무와 관련성이 있는지 공직자윤리위원회의 심사를 받아야 한다 주 차관은 국토해양부에서 중앙해양안전심판원장과 물류항만실장 등 해양 관련 업무를 맡았지만 심사를 받지 않았다 그에 앞서 해운조합의 이사장을 지낸 이인수전 중앙해양안전심판원장 정유섭전 인천지방해양수산청장씨도 마찬가지였다 주 이사장은 최근 사임 의사를 밝혔다 이들은 공직자윤리위 심사의 사각지대에 있었다 정씨만이 퇴직시 공직자윤리위 심사를 받았지만 해운조합 취업이 아닌 주식회사 엠코란 곳에 전무로 취업하면서 심사를 거쳤을 뿐이다 해수부 출신 고위공직자들이 여객선의 안전 운항을 지도 및 감독하는 해운조합에 낙하산을 타고 내려가면서도 심사를 받지 않은 이유는 이 조합이 정부 위탁업무를 수행하고 있어서다 공직자윤리법 시행령엔 정부 위탁사업을 하는 곳에 재취업할 때는 심사를 받지 않아도 된다는 예외조항을 두고 있다 해수부 출신들이 정부를 대행해 선박 검사 등을 하는 비영리법인인 한국선급에 손쉽게 재취업할 때도 마찬가지로 이런 빈틈이 작용했다 이에 따라 정부 위탁 업무를 맡는 비영리 조합이나 협회라 하더라도 이곳에 재취업하려는 퇴직 공무원들은 심사를 받도록 해야 한다는 목소리가 나오고 있다 새누리당 의원들은 사고가 발생한 뒤 지난  일 이런 내용을 담은 공직자윤리법 개정안을 국회에 제출했다 원래 비영리조합이나 협회 재취업이라도 그 업무가 사기업체에 큰 영향을 미치는 경우에는 심사대상이 된다 즉 그 회원이 자본금  억원 이상 등의 요건을 충족한 사기업으로 안전행정부가 관보에 올린  개 년 기준 기업에 해당하면 심사 대상에 해당한다 세월호를 소유한 청해진해운은 퇴직공직자 취업제한 대상 기업이면서 해운조합에 가입돼 있다 따라서 퇴직 공직자가 해운조합에 취업하려면 심사를 받아야 하지만 해운조합이 정부 등으로부터 위탁을 받아 여객선터미널의 관리 및 운영사업을 하면서 공직자윤리위 심사 대상에서 빠져버린 것이다 역대  명의 이사장 가운데  명이 해수부 고위공무원 출신이었지만 아무런 견제 없이 낙하산을 타고 내려온 배경에 이런 공직자 윤리법의 구멍이 존재했다 류이근 기자  
16,세월호 선체 내부 수색이 점점 어려워지고 있다  일에는 수색작업 시작 뒤 처음으로 단  구의 주검도 수습하지 못했을 정도다 전문가들은 시신 유실과 부패 등을 막고 잠수요원들의 안전 확보를 위해 선체를 바로 세우는 작업이 필요하다는 제안을 조심스럽게 내놓기 시작했다 그러나 구조팀은 수색의 어려움은 인정하면서도 선체 세우기는 인양 단계에서 논의할 사안이라고 했다 ■ 좌현 수색 난항  일 범정부 사고대책본부는 민관군 합동구조팀이 창문을 깨고 진입할 수 있는 선체 오른쪽우현 객실의 경우 수색과 주검 수습을 마쳤다고 했다 반면 해저 바닥면에 붙은 좌현 쪽은 사실상 손을 못 대고 있는 실정이다 좌현 쪽 객실에 진입하려면 우현 창문을 통해 선체 내부로 들어간 뒤 매트리스 칸막이 자판기 전선 등 온갖 부유물이 얽힌 통로를 지나가야 한다 선체 폭은   정도지만 구불구불하게 꺾인 통로를 따라가느라 이동 거리는 훨씬 길어진다 게다가 좌현 쪽으로 밀어서 열어야 하는 철문의 경우 장애물 등이 있으면 우현 쪽에서 진입한 잠수요원이 열 수 없는 한계가 있다 이런 가운데 이미 숨진 실종자들의 주검이 유실됐거나 유실될 우려가 커지고 있다  일 기준으로 합동구조팀이 수습한 주검  구 가운데  구가 선체 내부가 아닌 물속에서 발견됐다 선체에서   떠내려간 주검  구를 합동구조팀이 수습하기도 했다 실제  년 서해훼리호 침몰사고 때는 사고 해역에서  ㎞나 떨어진 곳에서도 주검이 발견됐다 해군 관계자는 서해훼리호 사고 때는 사망자  구의 시신을 모두 회수했지만 그때는 천운이 따랐었다 이번에도 시신 유실이 없을 것이라고 단정하기 어렵다고 말했다 ■ 잠수요원 안전 위협 합동구조팀 잠수요원들의 안전 확보도 어려운 상황이다 해저면에 닿아 있는 좌현 쪽은 수심이  에 이른다 사고 초기 수심  에서 작업할 때는 잠수요원들이  분 수중수색을 할 수 있었지만 수심  일 경우 실제 작업 시간은  분 정도밖에 확보할 수 없다고 한다 선체 내부로 진입하는 잠수요원들은 공기통이 아니라 수면 밖에서 공기를 공급하는 머구리 방식을 사용한다 복잡한 선체 내부를 지나다 공기 호스가 꼬이거나 끊길 경우 인명 사고로 이어질 가능성이 높다 이제까지 잠수요원  명이 머리가 찢어지는 등 크고 작은 부상을 당했다고 대책본부는 밝혔다 수심이 깊어지면서 작업 시간을 늘리느라 감압 시간을 확보하지 못한 잠수요원들의 잠수병 증상도 늘고 있다  일은 사리 때로 사고 해역 조류 속도가 최고조에 이를 전망이다 이 때문에 선체 역시 해저면으로 더 내려갈 가능성이 높다 수천의 선체 주변으로 빠른 조류가 형성돼 뻘과 자갈을 쓸고 나가는 세굴 현상이 나타나기 때문이다 ■ 선체 돌려놓기라도 전문가들은 생존자 존재 가능성을 염두에 둔 수색 방식을 일부 변경해야 한다는 제안을 조심스럽게 내놓고 있다 한국해양대 김세원 교수는 선체 구조상 실종자들이 의지할 선내 공기층에어포켓이 남아 있기 어려운 상황이 됐다고 진단했다  년 천안함을 인양했던 정성철  수중개발 대표는 사고 당시 실종자들이 수심  라는 깊은 수심으로 급속히 내려갔다면 생명을 유지하기가 어려웠을 것으로 본다고 했다 이 때문에 좌현 창문으로 진입할 통로 확보를 위한 선체 바로 세우기나 선체 전체를 낮은 수심까지 들어올리는 선체 일부 인양 등의 제안이 나오고 있다 김세원 교수는 수심  까지만이라도 선체를 들어올리면 수색에 큰 도움이 될 것이다 최소한 옆으로 누워 있는 선체를 바로 세우면 좌현 쪽을 수색할 길을 열어줄 수 있다고 했다 정성철 대표도 뻘에 묻혀 있을 좌현 쪽 선체와 주검은 잠수요원들이 꺼내기 어렵다 배가 더 가라앉기 전에 인양으로 전환해야 한다 냉정하게 볼 필요도 있다고 말했다 대책본부 쪽은 조심스럽다 합동구조팀은  일 저녁 브리핑에서 선체를 바로 세우는 것은 현실적으로 어렵고 오히려 시신 훼손의 우려가 있다 선체 세우기는 인양 단계에서나 고려하는 게 적절하다 일단은 모든 방법을 열어두고 수색에 집중하겠다고 했다 한 실종자 가족은 잠수요원들이 구조를 못하는 상황에서 어떤 결정을 해야 할지 모르겠다 인양을 해서라도 하루라도 빨리 주검을 찾아서 돌아가고 싶다고 했다 하지만 사망을 기정사실화하는 선체 인양에 선뜻 동의하기 어려운 게 현실이다 고명석 대책본부 대변인은 선체 인양은 가족과 정부가 협의를 거쳐 결정할 문제다 현재로서는 인양에 대비해 제반 사항을 준비하고 있는 단계라고 말했다 김지훈 기자 진도최우리 서영지 기자  
17,세월호는 청해진해운이 일본에서 수입한 직후인  년  월 전남 영암 ㅆ조선에서 객실 등을 늘리는 증축 공사를 받았다 이 과정에서 애초  명이던 승객 정원은  명으로 늘어났고  이던 선박 무게는  으로 무거워졌다 또 배의 높이가 올라가면서 세월호의 무게중심은 구조 변경 전에 견주어  ㎝가 높아졌다 기울어진 배가 다시 중심을 회복하는 복원력이 떨어진 원인으로 지목된다 당시 세월호의 증축을 맡았던 ㅆ조선은  일 우리는 설계도면에 따라 세월호를 수리개조만 했다 안전성 여부는 한국선급에서 판단한다고 밝혔다 자신들은 한국선급의 심사를 통과한 도면대로 단순 공사만 진행했을 뿐 안전성 여부를 판단할 위치에 있지 않았다는 것이다 회사 자료를 보면 세월호는  년  월 일 ㅆ조선의 플로팅도크에 올려진 뒤  개월 남짓이 지난 이듬해  월 일 수리를 마쳤다 이 회사는 세월호 증축 작업을 맡기 전까지는 이런 대형 여객선을 증축개조한 경험이 없는 것으로 알려졌다  년 설립된 ㅆ조선은 선박 수리와 선박 해체를 전문으로 한다 ㅆ조선 총무관리부 관계자는 세월호의 길이가  에 달해 그만한 대형 선박을 띄울 수 있는 플로팅도크를 보유하고 있는 회사가 당시 국내에 몇 군데 안 됐다 그래서 그 공사를 우리가 맡은 것이라고 말했다 이 업체는 세월호의 쌍둥이배로 알려진 청해진해운의 오하마나호의 수리도 담당했다 오하마나호는 ㅆ조선 플로팅도크에서  년  월 일에서  월 일까지 수리를 받았다 ㅆ조선은 세월호의 침몰 원인으로 지적되는 무리한 증축을 사전에 전혀 몰랐다고 주장했다 선사가 가져오는 증축수리 설계도면은 한국선급에서 이미 승인을 받은 것이기 때문에 안전성에 대해서는 의심할 여지가 없다는 것이다 ㅆ조선 쪽은 선박 복원성 검사 등 전문적인 분야는 우리가 자체적으로 할 여력이 없다 선박설계가 워낙 전문적이고 복잡한 분야라 도면을 보고 안전성 여부를 판단하기는 어렵다고 했다 업체 관계자는 다만 우리 회사 플로팅도크에서 한국선급의 안전 검사가 이뤄졌을 뿐이라고 했다 선박의 안전 상태를 확인하고 검사하는 업무는 해양수산부 장관의 위임을 받아 한국선급에서 맡고 있다 세월호가 증축 공사를 받은 뒤 한국선급은 복원성 데이터 등에 이상이 없다며 합격 판정을 내린 바 있다 목포이재욱 기자  
18,해양수산부가 세월호 사고와 관련해 뒷북 정책을 잇따라 내놓고 있다 해수부는 이번 사고가 제도 미비보다는 주무부처의 책임인 관리감독 부실과 관련이 있는 것으로 드러나는데도 자신들의 책임과 관련된 부분은 건너뛰는 행태를 보이고 있다 해수부는  일 연안여객선에도 블랙박스 탑재를 의무화하겠다고 밝혔다 그동안 국제선 여객선과   이상 화물선에만 비행기의 블랙박스와 비슷한 항해자료기록장치를 탑재하도록 했는데 앞으로는 연안여객선에도 적용하겠다는 것이다 세월호는  의 여객선이지만 이런 장치가 없어 사고 원인 규명에 한계가 있다는 지적이 일었다 해수부는 또 여객선 정원을 늘리기 위한 구조 변경 금지를 추진할 계획이라고 발표했다 아울러 개조 시 지방해양항만청의 허가를 받아야 하는 사항도 인테리어 공사 등 일부만 빼고 일체의 선체 부속시설까지로 확대하기로 했다 지금은 본체 길이너비깊이 및 선박 용도 변경에 관해서만 허가받도록 돼 있다 여객선 안전 관리 업무도 한국해운조합에서 떼내기로 했다 운항 안전 관리 책임을 지는 운항관리자를 여객선사들의 이익단체인 해운조합이 채용하기 때문에 제구실을 하지 못한다는 지적에 따른 것이다 해수부는 아울러 여객선 승선 절차도 항공 수준으로 확 바꾸기로 했다고 밝혔다  월 일부터 선원을 제외한 모든 탑승자에 대해 전산발권성명성별생년월일연락처 등 입력을 실시하고 탑승자의 신원을 철저히 확인하겠다는 것이다  월 일부터는 차량과 화물에 대한 전산발권도 도입하기로 했다 또 운항관리자가 출항 전 선장 등과 과적 화물 고정 상태 무단 승선자 확인을 집중적으로 하게 만들겠다고 밝혔다 해수부 관계자는 해수부 마피아 책임론이 거론되는 마당에 인적 조치도 고려는 하고 있으나 이는 사태 수습 뒤 이뤄질 일이라고 말했다 김경무 선임기자   
19,전국  개 광역 시도에 세월호 참사 희생자들을 기리는 합동분향소가 설치된다 안전행정부안행부는 경기 안산인천 이외의 지역에도  일부터 분향소를 설치할 수 있도록 하는 내용의 지침을  일 오후 전국 광역자치단체에 보냈다고  일 밝혔다 앞서 안행부는 합동분향소를 설치해달라는 시민들의 요구가 전국적으로 확산되자 지난  일 정홍원 국무총리가 전국에 합동분향소를 차려 희생자들을 추모하도록 지시했는데도 아직은 때가 아니다라는 주장만 반복해왔다 안행부의 지침 내용을 보면  일부터 합동영결식 당일까지  개 시도청 청사 안에 합동분향소를 운영하고 불가피할 경우에는 인근 공공기관의 실내 공간을 활용하라고 돼 있다 서울시 관계자는 지침은 지자체별 혼란을 막기 위한 가이드라인일 뿐이지 반드시 지켜야 하는 법적 근거가 있는 것은 아니다라고 설명했다 서울시는  일 오후  시부터 서울광장 서울도서관옛 서울시청사 앞에 합동분향소를 운영 중이다 경기도 수원부천남양주시 울산 북동구 전남 목포시 등 일부 지역에서는 안행부 지침이 나오기 전부터 분향소를 설치해 운영하고 있다 음성원 기자  
20,정혜신 박사마인드프리즘 대표아이들이 수장되는 과정이 느린 화면으로 보듯 생중계됐다 그렇지만 아무것도 할 수 없었고 결과적으로 아무것도 하지 않았다 치명적인 균에 의해 피부가 감염됐다가 장기에 퍼져 염증이 생겨도 국소적이라면 항생제로 치료할 수 있다 그런데 균이 혈관을 타고 핏속으로 들어가면 패혈증이 발생해 대부분 사망한다 세월호 재앙은 국소적 염증이 아니라 균이 혈관을 타고 들어간 형국이다 정신과 전문의로 쌍용차 해고 노동자 등을 대상으로 외상후 스트레스 장애트라우마를 직접 치유한 경험이 있는 정혜신 박사마인드프리즘 대표는 세월호 사건으로 우리 사회 전체가 심리적 죽음에 이를 정도로 충격을 받았다며 이렇게 말했다 정 박사는  일 발행되는 과의 인터뷰에서 세월호 트라우마에 제대로 대처하지 못하면 우리 사회에 한국전쟁과 맞먹는 상흔이 남을 것이라고 진단했다 심리치유가 필요한 사람의 규모가 유례를 찾아보기 힘들 만큼 크다는 것이다 세월호 침몰에 따른 트라우마가 실종자희생자의 지인이나 가족에 그치지 않은 이유에 대해 정 박사는 생명을 구하는 시스템이 마비된 복마전 같은 사회구조에 기여하지 않은 어른은 한 사람도 없었기 때문이라고 짚었다 사고 수습과정의 무책임과 무능력이 전국민을 트라우마의 핵심 감정인 죄의식과 책임감에서 벗어나지 못하게 했다는 진단이다 정 박사는 배가 침몰된 게  차 트라우마라면 정부의 무책임한 대응은  차 트라우마라며  차 트라우마가 결정적으로 사람을 무너뜨렸다고 말했다 정 박사는 세월호 참사로 인한 분노를 누군가 흡수해 줘야 사람들의 감정을 추스릴 수 있다고 짚었다 그리고 이 재앙을 수습할 수 있는 첫번째이자 마지막 사람은 대통령이라고 강조했다 지금 피해자들이나 우리 모두에게는 갖가지 감정이 혼재해 있다 그러나 어느 하나 정리된 게 없다 그 가운데 제일 먼저 수습이 가능한 감정이 분노다 이를 위해서는 책임 있는 사람이 진짜 책임을 져야 한다 그러지 않고는 상황도 사람들의 감정도 한 발짝도 나갈 수 없다 그는 이어 대통령이 먼저 사과하고 책임을 져야 한다 그런데 대통령 혼자 죄의식을 안 느끼는 것처럼 보인다 심지어 화내면서 누군가를 혼내고 있다 지금의 고통과 연결된 정서적 끈이 존재하지 않는 다른 나라 사람 같다 대통령이 이런 감정들을 흡수하는 입장에 서지 않으면 온 국민은 계속 칼에 찔리는 느낌을 갖게 될 것이라고 지적했다 정부 무책임 대응  차트라우마 불러 세월호 참사로 우리 사회 심리적 죽음 생존자유족들 트라우마부터 치료 외상후 스트레스장애 치료센터 필요 정 박사는 외상 후 스트레스 장애를 가장 크게 받은 생존자와 유족의 트라우마가 제대로 치료되지 않으면 몇 년이 지난 뒤에라도 극단적 선택을 할 가능성이 높다고 우려했다 그는 이를 막기위해 정부 예산을 동원해 외상후 스트레스 장애 치료 센터를 안산에 만들어 집중 치유하자고 제안했다 생존자와 유족들은 최소한  년 정도의 지속적인 치유와 보살핌이 필요하다 특히 이번엔 치유가 필요한 대상 집단이 넓은데다 트라우마를 정확하고 입체적으로 해결하려면 사회적인 치유 시스템도 만들어져야 하기 때문에 최소한  년은 지속적으로 매달려야 한다 정 박사는 외상 후 스트레스 장애의 첫 증상은 생존자의 경우 잠도 못 자고 음식도 못 넘기고 사망 통지 받았던 순간들과 같이 있던 친구들 모습이 계속 떠오르는 것이다 그러다가 시간이 흐르면서 일부 생존자나 유족들은 그 기억을 잊기 위해서 일이든 뭐든 몰두하기 시작한다 아이들 중에는 딴 생각을 하지 않으려고 공부만 파는 애들도 있다고 말했다 뭔가 열중해서 하는 것은 외상 후 스트레스 장애의  단계 증상들인데 몰입함으로써 불안이나 공포죄의식 등을 잊으려고 하는 시도라는 것이다 정 박사는 몰입하는 모습을 보면 주위에선 이들이 고통을 극복한 증거로 받아 들인다 물론 자신도 그럴 수 있다 하지만 이는 착각이다 이런 극단적인 몰입이 어느 순간 아주 사소한 계기에 툭 끊어질 수 있고 이 때문에 외상후 스트레스 장애를 장기 및 전체적으로 조망하면서 치유시스템을 만들어야 하는 것이라고 말했다 이번 사건들을 지켜 보고 함께 겪은 국민들의 트라우마는 어떻게 치유하느냐는 질문에 정 박사는 아이의 얼굴을 확인하러 온 엄마들은 바닥에 드라이아이스가 깔려 있는 줄 모른 채 아이의 몸이 너무 차다며 담요를 찾는다 드라이아이스는 부패를 막기 위한 필수적인 조치이지만 엄마의 마음을 위로하기 위해서 아이들에게 따뜻한 담요를 덮어주면 좋겠다는 생각이 들었다 우리가 세월호 트라우마에 대처하는 방식이 그랬으면 좋겠다고 말했다 그가 제안한 구체적인 방법은 전국 곳곳에 설치된 분향소부터 찾는 것이다 함께 슬퍼하면 많이 슬프지 않게 할 수 있고 많이 힘들다면 혼자 슬퍼해서 그럴 수도 있기 때문이라는 것이다 그는 지난  일 세월호 실종자 및 희생자들의 가족들이 있는 진도로 향했다 김양중 기자 ▷ 정혜신 박사 인터뷰 전문 보기  호에서도 볼 수 있습니다 
21,지난달 외국인이 국내 주식시장에서  조원어치 이상의 주식을 순매수한 것으로 나타났다 하지만 최근 들어 원화강세 내수침체 등에 대한 우려로 매수세가 약해지고 있는 추세다  일 한국거래소는 지난달  일부터 지난  일까지 한달간 유가증권시장에서 외국인이  조 억원어치를 순매수했다고 밝혔다 외국인 자금은 지난달까지만 해도  달 연속 매도 흐름을 보여왔다 연초부터 불거진 테이퍼링양적완화 축소 이슈와 우크라이나 사태 중국경제 경착륙 우려 등으로 인해 외국인들이 신흥국 시장에 부담을 느낀 탓이었다 지난달  일께부터 이런 흐름이 반전했다 지난달  일  억원을 매수한 외국인은 매일  억원어치 이상의 주식을 순매수하다 지난  일에는 지난해  월 이후 최대치인  억원을 순매수했다 중국 정부가 소규모 경기부양책을 발표한데다 테이퍼링 등 여러 리스크에 대한 우려가 완화됐고 여기에 한국시장이 저평가돼있다는 기대까지 합쳐진 결과로 분석됐다  일 기준 유가증권시장에서 외국인 비중도  까지 올라갔다 외국인 자금은 최근에도  일부터  거래일 연속 순매수 흐름을 보이고 있지만 그 규모는 점차 줄어들고 있다 지난  일 유가증권시장에서 외국인은 장 마감까지 순매도를 보이다 장외 거래에서야 순매수  억으로 돌아섰다 국내 기관 투자자들과 개인들도 매도에 나서 이날 코스피는  으로 장을 마쳤다 지난달  일 이후 가장 낮았다 세월호 참사로 한국 내수경기가 타격을 입을 것이라는 우려와 우크라이나 사태의 악화 신흥국 통화 강세 등으로 외국인의 투자심리가 약화했기 때문으로 풀이된다 방준호 기자  
22,세월호 선사인 청해진해운과 계약을 맺고 수색 작업을 주도하고 있는 민간 업체 언딘 마린 인더스트리언딘 때문에 구조수색에 자원하고 나선 민간 잠수사들이 대거 투입되지 못했다는 주장이 나오고 있다 현장의 민간 잠수사들은 참여를 만류하는 해경 등과 마찰을 빚어왔다 전남 목포에서 산업잠수 업체를 운영하는 김종철 씨는  일 에 지난  일 지인을 통해 간접적으로 연락이 왔다 언딘에서 후카표면공기공급 방식 속칭 머구리 잠수사들을 찾고 있으니 관심이 있으면 지원하라더라고 말했다 사고 당일인  일 진도 팽목항으로 달려간 김씨는 실제 수색에 투입되지 못하고 팽목항에서 대기하던 상태였다 그런데 나중에 업체 쪽에서 인력을 구하고 나섰다는 말을 들었다는 것이다 김씨는 민간 잠수사 투입을 둘러싼 논란이 증폭되는 동안 밥만 축내고 있다는 자괴감을 느끼면서도 투입을 기다리며 현장에 있었다고 했다 김씨는  일부터 동료들과 함께 매일 해군 고속단정에 장비를 싣고 그 장비를 다시 군함과 바지선 등에 옮겨 싣고 다시 고속단정에 옮긴 뒤 사고 해역을 한 바퀴 돌았다 그때마다 마지막 순간에 해경은 우리를 다시 팽목항으로 돌아가라고 했다 정말 허탈했다고 말했다 이런 상황이 민간 영역의 구조 작업을 독점한 언딘과 관련 있다고 생각하는 김씨는 모멸감이 들었지만 실종자 가족들의 애타는 마음을 생각하며 참았다고 말했다 그는 전국에서 모인 순수 자원봉사 다이버가 최소한  명은 넘었는데 그 사람들을 이런 식으로 거의 다 돌려보냈다 수색작업을 독점하고 싶었던 것이라고 주장했다 황대영  한국수중환경협회장도 신원을 밝힐 순 없지만 내가 아는 민간 다이버  명이 언딘에 고용돼 현장에 투입되고 있다 충분한 인력이 없는데도 사고 현장의 수색 작업을 독점하려는 언딘의 욕심과 잠수사들을 손쉽게 통제하려는 해경의 이해가 맞아떨어지면서 이런 상황이 벌어졌다고 주장했다 김씨는 이후 문화재청 소속 탐사선에 탑승해  일 하루에만  차례에 걸쳐  가 넘는 수심에서 선체 내부에 가이드라인안전줄 설치 작업을 했다 하지만 기상 악화와 강해진 조류 속에서 이들은  일 현장에서 결국 다시 철수했다 김씨는 업체 소속이든 아니든 초반에 잠수사들을 최대한 투입했어야 했다 장비 싣고 왔다 갔다 하게만 만들면서 일을 다 그르쳤다고 말했다 범정부 사고대책본부의 말을 들어보면 실제 수색 작업에 투입되는 언딘 소속 머구리 잠수사들은  명이다 충분한 인력도 확보하지 못한 채 수색작업을 독점하고 있다는 주장에 대해 언딘 관계자는 언론과 상대하고 싶지 않다며 해명을 거부했다 앞서 현장에 있는 민간 잠수사들이 해경한테서 무시하는 발언을 들었다며  일 대거 철수하는 일도 일어났다 목포송호균 기자  
23,인간에게 필요한 것들을 조달할 때 생산과정에서는 생산비가 발생하고 유통과정에서는 거래 비용이 발생한다 낭비를 유발할 정도라면 이런 비용은 줄여야 한다 그 때문에 비용의 최소화는 경제활동의 원칙으로 통한다 이런 원칙을 가장 먼저 정식화시킨 사람은  세기 미국의 철강왕 앤드루 카네기다 경제사학자 앨프리드 챈들러에 의하면 경계 대상  호로 될 정도로 비용에 대한 카네기의 강박관념은 대단하였다 비용을 엄격히 통제하는 신경영기법에 힘입어 그의 회사는 당시 석유왕 존 록펠러에 버금가는 성장을 구가하였다 카네기 이후 비용은 이윤추구 기업들에 무찔러야 할 적으로 되었다 하지만 아무리 줄여도 생산비와 거래 비용이 제로로 되는 경제는 이 세상에 존재하지 않는다 또 노력 없는 결실 없듯이 비용 없는 편익은 없다 비용은 반드시 척결해야 할 흉악한 적이 아니다 비용은 좋은 결실 곧 행복의 전제조건이다 비용에 대한 무조건적 증오를 거두잔 말이다 비용최소화 원칙을 아무 데나 적용하는 것도 문제다 생산비 줄인다고 임금 비용까지 줄이면 인간은 절대적 빈곤에 처하게 된다 이 경우 인간들은 대부분 타락하고 만다 폭력 사기 절도는 물론 매춘에 의존하여 생존할 수밖에 없기 때문이다 이처럼 비용최소화 원칙이 인간에게 적용될 때 악마가 등장하게 된다 인간의 노동 없이 아무것도 창조되지 않는다는 사실을 기업은 누구보다 잘 안다 따라서 사람을 줄일 수 없을 경우 차별함으로써 비용최소화를 달성한다 남녀 차별은 물론이고 그것도 모자라 요즘은 비정규직이라는 몰상식한 제도로 멀쩡한 사람들을 차별한다 지극히 사적인 일이지만 평생 아픈 트라우마로 남아 있는 나의 경험이 저 차별받는 자들을 이해하는 데 도움이 될지 모르겠다 오래전 귀국 후 나도 어느 연구원에 비정규직으로 일한 적이 있다 명색이 박사였지만 정규직이었던 석사는 물론 학사 연구원도 내 지시에 따르지 않았다 연구기획회의에서도 철저히 배제되었다 월급은 그들의  분의  에도 미치지 못했다 열정을 다해 일군 노력이 모욕당하고 존엄성에 크게 상처 입은 나는 그들이 부과한 의무와 책임에 최선으로 대응하지 않았다 그러자 그들은 나의 무책임을 비난하며 간단히 해고해 버렸다 사회도 함께 힐난했다 그때 나는 그곳을 증오하였다 나는 지금도 그곳이 잘되기를 바라지 않는다 적어도 그곳에 대해선 나는 지금도 악마다 악마는 차별과 모욕 때문에도 생겨난다 침몰한 세월호 선장과 선원들에 대한 비난이 거세다 외신은 선장을 악마로 묘사한다 그렇다 자기 살자고 수많은 어린 생명들을 죽게 내버려두었으니 악마로 불리어 마땅하다 하지만 차별받고 존엄을 박탈당한 약  의 세월호 비정규직 선원들로부터 무한책임과 희생을 주문한다면 그건 너무 뻔뻔하다 비용최소화 악령에 포로된 나머지 한국 경제는 너무 많은 악마를 제조해내고 있다 몰인정한 기업들이 양산해낸 그런 악마들이 노동자들 중 대략   정도다 악마로 들끓는 사회는 위험하다 세월호만 위험하지 않다 한성안 영산대 교수 
24,우리를 이토록 무기력하고 무능하게 만드는 것의 정체는 무엇인가 그건 바로 시장맹신 자본주의체제야 라고 마이클 페럴먼 캘리포니아주립대 교수는 말한다  의 원제는   즉 자본주의의 보이지 않는 수갑이다 자본주의체제의 이론적 창도자라 할 애덤 스미스가 얘기한 보이지 않는 손 을 살짝 비튼 말이다 알다시피 스미스는 에서 보이지 않는 손의 마술을 이렇게 그렸다 우리가 저녁 식사를 기대할 수 있는 것은 정육점이나 양조장의 주인 또는 제빵업자의 자비심 덕이 아니다 그 사람들 자신의 이기심 때문이다 각자 이기적 욕망대로 움직이면 세상은 모두에게 이익이 되는 쪽으로 저절로 잘 굴러갈 거라는 이 마법의 주문을 미국의 진보 저널 가 펴낸 은 보이지 않는 수갑족쇄이라고 뒤집어 버린다 지금 우리가 보고 있는 세상은 스미스적 천국인가 페럴먼적 지옥인가 자본주의체제에서 수갑을 차야 하는 대상은 늘 노동과 노동자 노동조건이다 페럴먼은 이를 프로크루스테스의 침대에 비유한다 그리스 신화 속의 프로크루스테스는 여행객들을 붙잡아 자신의 철제 침대에 눕히고는 그 길이에 맞도록 억지로 늘이거나 잘라내며 가혹하게 죽였다 오늘날 대다수 사람들은 프로크루스테스 침대에 자신의 몸을 맞추는 수밖에 없다 거기에 적응하고 자연스럽게 받아들이는 순간 침대는 보이지 않는 수갑으로 대체된다 저서 에서 시장경제 작동 전제 조건으로 일정 수준의 도덕적 자제력 발휘가 필요하다고 봤던 스미스는 오늘의 신자유주의자들에 비하면 그래도 양질이었다고 페럴먼은 얘기한다 물론 스미스의 도덕적 자제력이란 현실적으로는 양두구육의 자기모순에 지나지 않았지만 어쨌든 마거릿 대처는 신자유주의 외에 대안은 없다고 했고 지금 대한민국을 장악하고 있는 세력도 대처의 추종자들이다 대처의 프로크루스테스적 전략을 당시 어느 서방 기자는 이렇게 비꼬았다 공동체를 깨뜨리고 사람들로 하여금 세상에서 약간 더 외로움을 느끼게 만들어라 사회적 안전망에 몇 개의 구멍을 뚫어라 돈 버는 행위의 위상을 높이고 다른 모든 활동의 위상을 낮춰라 예술가들에 대한 기사 작위 수여를 중단하고 그것을 백화점 재벌들에게 주어라 지식인들 말 듣는 걸 중단하고 기업가와 금융업자들의 말을 경청하라  돈 잘 버는 사람들은  이윽고  지배적인 목소리를 갖게 된다 그리고 사람들은 그것을 얻기 위해 당신을 사랑하게 된다 페럴먼은 말했다 금융 스캔들이 터져 나올 때 우리는 몇몇 썩은 사과가 연루돼 있었다는 이야기를 듣는다 상류층 사회 내부에는 단지 몇 개의 썩은 사과들만 존재하는 반면 아무런 문제를 일으키지 않은 나머지 대다수 사람들은 엄중한 규율을 필요로 한다는 주장을 세상의 어느 누가 왜 믿어야 하는가 세월호와 국정원과 간첩 날조사건과 북방한계선을 떠올리지 않을 수 없다 한승동 기자  
25,휴일을 맞아 서울 도심 곳곳에서 세월호 실종자의 생환과 희생자들의 명복을 기원하는 행사가 열렸다 부처님 오신 날 월 일을 앞두고  일 서울 종로 일대에서 진행된 연등 행사는 예년과 다르게 차분한 분위기 속에 진행됐다  일 오후  시부터 시작된 행렬에는 시민  만여명이 참여해 세월호 희생자들의 극락왕생과 실종자의 무사 귀환을 기원했다 희생자들의 명복을 비는 커다란 흰색 연등이 추모의 분위기를 더했다 민주노총을 비롯한 노동시민단체들로 구성된   세계 산재사망노동자 시민추모위원회는  일 오후  시 서울역 광장에서 세월호 참사 희생자 및 산재사망 노동자 추모제를 열었다 추모제는 일터에서 산업재해로 숨진 노동자들을 기억하고 이번 세월호 참사 희생자들을 함께 추모하자는 취지로 열렸다 참가자  여명은 집회를 마친 뒤 서울역 광장에서 명동 서울중앙우체국까지 행진했다 이날 오후  시부터는 민주실현시민운동본부가 서울 중구 대한문 앞에서 실종자들의 무사 귀환을 기원하는 촛불집회를 열었다 시민  여명은 추모 메시지를 담은 노란색 리본을 주변에 매달고 촛불을 든 채 서울광장을 돌았다 국가정보원 대선개입간첩 조작사건 시국회의도  일 저녁 광화문 동화면세점 앞에서 시민  여명이 참여한 가운데 세월호 실종자 무사귀환 및 희생자 추모민주주의 회복을 위한 국민 촛불대회를 열었다 박기용 기자  
26,침몰 사고가 나면 수면으로 떠오르게 설계된 세월호의 구명뗏목 들은 어디로 갔을까 지난  일 사고 당시 세월호에는  인승 팽창식 구명뗏목  개가 실려 있었다 현장에 도착한 해경 구조대원이 선체로 올라가  개를 발로 차 바다로 떨어뜨렸다  개 중 하나는 바다 위에 펼쳐졌고 다른 하나는 작동되지 않았다 나머지  개는 여전히 행방을 알 수 없는 상태이다 세월호 침몰사고 원인을 조사중인 검경합동수사본부는  일 사고 당시 장식용에 불과했던 구명뗏목의 관리 부실과 점검 비리 등을 수사중이라고 밝혔다 이를 위해 세월호 선사인 청해진해운과 구명뗏목 정비업체인 한국해양안전설비 세월호의 쌍둥이 배인 청해진해운 소속 오하마나호 등을 압수수색했다 수사본부 검증 결과 오하마나호는 구명뗏목  개 전부가 펴지지 않아 충격을 줬다 수사본부 관계자는 오하마나호의 구명뗏목을 발로 차도 꿈쩍도 하지 않았다고 한다 이는 중요한 수사 참고 사항이라고 전했다 세월호는 지난  년 한국에 도입된 이후  여차례의 안전점검을 받았다 그때마다 구명설비에 별다른 결함이 없다는 판정을 받았다 지난  월 한국선급 여수지부의 점검에서도 구명뗏목은 모두 정상으로 나타났다 구명설비 점검업체를 운영하는 김아무개 대표는 침몰하면서 구명뗏목이 떠올랐어야 한다 떠오르지 않았다면 관리와 점검이 엉성했다는 것이라고 말했다 전문가들은 구명뗏목이 부풀어진 상태로 선체에 걸려 있다면 모를까 페인트가 눌러붙어 열리지 않았다면 누군가 반드시 책임을 져야 한다고 입을 모았다 목포안관옥 김영동 기자  
27,좀체 속도를 내지 못하는 세월호 수색작업이 풍랑주의보까지 발효된 기상 악화에 발목을 잡혔다 합동구조팀은 이제까지 격실 수색을   마쳤으며 조타실 등 선체 정면 쪽 유리창을 통해 나머지 격실 진입을 시도하기로 했다 실종자 가족들의 요구로  일 투입됐던 다이빙벨은 사용도 못 해보고 진도 팽목항으로 돌아왔다  일 수색작업은 오후  시께야 겨우 시작됐다 이날 새벽  시 작업 이후로  시간 만이다 전날 새벽 풍랑예비특보가 발효된 뒤 거칠어지기 시작한 바람과 파도가 잠수요원들의 작업을 방해한 탓이다 풍랑예비특보는 오후  시 풍랑주의보로 바뀌었다 물살이 약해지는 소조기를 넘긴  일 단  구의 주검도 건져내지 못한 민관군 합동구조팀은 이날 잠수요원  명을 투입해 수색에 나섰지만  구를 추가로 수습하는 데 그쳤다 앞서 격실  개 가운데  개의 수색을 마쳤다고 밝힌 합동구조팀은  개 가운데 실종자가 있을 것으로 추정되는  개수색 완료  개 포함를 따로 추렸다 아직 확인 못한 격실은  개에 이른다 고명석 범정부사고대책본부 대변인은 조류가 세지고 있다 해저에 닿아 있는 선체 좌현 쪽을 수색해야 하는 어려움에 더해 수심이   이상으로 깊어져 난항을 겪고 있다고 설명했다 이에 따라 합동구조팀은 조타실 등이 있는 선체 정면부 창문을 깨고 진입해 통로를 막고 있는 부유물을 내보낸 뒤 좌현 객실로 접근하는 수색 방법을 채택했다 실종자 수색이 진전을 보지 못하면서 가족대책본부가 있는 팽목항의 분위기도 무겁게 가라앉았다 밖에 나와 있는 실종자 가족들의 모습은 거의 눈에 띄지 않았다 수중 수색을 돕는 장비인 다이빙벨은  일 팽목항으로 돌아왔다 다이빙벨을 싣고 사고 해역으로 이동했던 알파잠수기술공사 쪽은 모두 세 차례 정박 시도를 했지만 모두 실패했다고 밝혔다 대책본부는 알파잠수 쪽의 바지선을 사고 지점에 계류시키는 과정에서 기존 합동구조팀 바지선의 닻을 건드릴 경우 위험해질 수 있었다고 투입 지연 이유를 설명했다 반면 이종인 알파잠수기술공사 대표는 팽목항으로 돌아온 뒤 취재진을 만나 기존 구조작업 인력들이 다이빙벨을 투입했을 때 작업 효율이 높아질 것을 의식하는 것 같다며 반발했다 이 대표는 다이빙벨을  일께 다시 투입하겠다고 밝혔다 박기용 기자 진도박승헌 최우리 기자  
28,검경합동수사본부가 진도와 제주 해상교통관제센터를 압수수색하면서 직무유기 의혹에 대한 수사에 착수했다 세월호 탑승객의 휴대전화 신고를 처음 접수한 목포해양경찰서 상황실도 강제수사 대상에 포함됐다 미온적 초기 대응으로 인명 피해를 키웠다는 비판을 받아온 해경을 정조준하고 나선 셈이다 수사본부는  일 해경이 운영하는 진도 관제센터와 해양수산부가 운영하는 제주 관제센터를 압수수색해 침몰 당시 교신 내역 항적 기록 근무 상황을 담은 폐회로텔레비전 영상 등을 확보했다 검찰은 시간대별 교신 내역을 교차 분석해 초동 대응의 적절성을 따지기로 했다 선박 운항 상황을 실시간 감시해야 할 관제센터들은 세월호 침몰 당시 사태를 제때 파악하지 못한 것으로 드러난 바 있다 사고 수역을 관할하는 진도 관제센터는 세월호가 관할 수역에 들어설 때부터 교신하지 않았고 사고 당시 통신도 연결돼 있지 않았다 이런 탓에 사고 초기에 천금 같은 시간이 허비됐다 해수부 관할인 제주 관제센터는 당일인  일 아침  시 분 세월호의 첫 사고 신고를 받고  시 분에 해경에 통보했다 그러나 관할권을 가진 진도 관제센터가 제주 관제센터의 연락을 받고 세월호와 첫 교신을 한 시간은  시 분이다 첫 신고로부터  분이 지난 시점이었다 숨진 단원고 학생 최덕하 군의   신고 시점으로부터는  분이나 지난 뒤였다 세월호는 급격히 배가 기울어  분  초가 급한 상황이었다 사고 뒤 태도도 석연찮았다 제주 관제센터는 당일에 교신기록을 공개했지만 진도 관제센터는 기록 공개를 미뤘다 가 관제센터의 모니터링 관련 규정과 당시의 문제점을 지적한 뒤인  일에 교신기록을 공개했다 진도 관제센터는 세월호를 모니터하고 있었으며 세월호로부터 위험성을 알리는 경고 신호나 무선 교신이 없었다고 해명했다 수사본부는 당시 근무자들의 행동과 조처 등을 파악한 뒤 문제가 드러나면 직무유기 등의 혐의를 적용할지 판단할 방침이다 수사본부는 최초 신고를 접수한 목포해경도 조사한다는 방침이다 당일 오전  시 분 최덕하군은 전남소방본부를 통해 목포해경 상황실에 배가 기울고 있다고 신고했다 그러나 신고를 받은 해경 직원은 위치 경위도경도와 위도 말해주세요라고 되묻는 등 허둥지둥하며  분을 날렸다 목포해경은 그 뒤에도 진도 관제센터에 곧바로 신고 내용을 통보하지 않고 자체 경비정을 띄웠다 수사본부는 일부 언론과 전문가가 제기한 진도 관제센터 교신기록 편집 가능성도 살펴볼 계획이다 검찰 관계자는 수사본부의 한 축인 해경을 수사 대상으로 삼은 데 대해 참사에 책임을 나눠 진 모든 조직과 사람이 수사 대상이다 해경도 예외는 아니다라고 말했다 목포노현웅 김영동 김원철 기자  
29,㈔김유정기념사업회는 다음달  일 열 예정이었던   김유정문학제 봄봄과  일의   청소년문학축제 봄봄을 세월호 침몰 사고 아픔에 동참하기 위해 잠정 연기하기로 했다 
30,박석무  다산연구소 이사장은 다산 정약용  연구의 권위자다  대 국회의원으로 일할 때조차 정부에 목민관의 마음을 가져야 한다고 호통쳤고 국회 안에 다산사상연구회를 만들기도 했다 이번에 쓴 민음사은 박 이사장이 공저를 포함해  번째로 펴낸 다산 관련 서적이다  일 서울 중구 순화동 다산연구소에서 만난 박 이사장은  년 전 낸 를 쓰면서 아쉬웠던 사상 설명을 대폭 보강하고 후대 평가를 종합적으로 모아 마음의 짐을 덜었다고 했다  년 사단법인 다산연구소를 개설해 풀어쓰는 다산 이야기를  회 넘게 보냈고 를 펴보지 않는 날이 없을 정도로 몰두했다 이 평전도 초고만 원고지  쪽에 이른다  년 전 책이 기행문 형식이라면 평전에는 다산의 실천 철학을 더 섬세하게 보여준다 유년 시절부터 말년에 이르기까지 다산의 일생을 네 시기로 나누어 설명했고 정조와 개혁 공조의 발목을 잡은 당쟁과 정약전정약종정약용 형제를 죽이거나 귀양 보낸 천주교 박해에 대한 맥락적 풀이 노론 이론가들과도 남몰래 철학적 논쟁을 벌이고 지식을 쌓아올려간 지식인의 면모도 보여준다 독서백편의자현이라  여년 읽으니 비로소 다산 사상의 정수가 보였다 문과합격을 하면서 공렴원효성公廉願效誠 공정과 청렴으로 정성 바치기를 원하노라는 시구절을 썼다 이것이 다산 사상의 핵심이다 다산이 바라던 이상 국가도 공정하고 공평한 세상이었다 공렴은 공정과 청렴이라는 뜻이다 조선 후기 삼정전정군정환곡 때문에 고통받는 백성의 참상을 눈으로 보고 썩어빠진 세상을 개탄하며 지금 당장 개혁하지 않으면 나라는 반드시 망한다고 다산은 서문에 썼다 이런 인식 아래 자신을 닦고 국가를 통치하는 방법을 궁구한 것이  여권에 이르는 다산의 저작들이다 현실주의자였기 때문에 원대한 국가 개혁 이론을 담은 를 먼저 쓰다가 놔두고 를 지었다  년 동안 유배를 가 있어 국가 개혁을 실현할 처지가 아니기도 했고 바꾸기 어려운 법제도를 놔두더라도 공직자가 먼저 윤리를 회복한다면 백성들에게 큰 도움이 될 것이라 생각한 것이다 다산은  권에 이르는 경학 해설서를 썼다 평전의 관련 내용을 종합하면 다산은 고고한 이론만 강조하는 사서육경의 잘못된 해석 때문에 세상이 병들었다고 보았다 경학 해설은 성리학의 이론을 빼고 행동철학이자 실천적 학문으로 경을 재구성하려는 다산의 기획이었다 자기를 다스리는 수기학 세상을 다스리는 경세학을 합쳐서 인간의 심성을 회복한 뒤 공직자가 공렴에 따라 집행하면 법제도를 뒤집지는 못하더라도 세상이 나아질 것이라고 상상했던 셈이다 수많은 저작 중 하나를 고르라면 다 그는 애민정신이 투철했다 그 시절에 노인 유아 중병자 장애인 재난당한 사람을 국가가 돌보는 강력한 복지를 강조했다 보편적 복지에 가깝다 그밖에도 다산은 획기적인 제안을 많이 했다  살의 논문 에서 공동 노동을 통해 소득과 분배를 공평하게 하고 부자의 재산을 덜어 가난한 이들에게 보태는 손부익빈의 주장을 담은 여전제를 주장했다 그 뒤 에서 실현 불가능한 전제를 수정해 노동량에 따른 분배를 하자고 정전제로 수정된 제안을 한다 은 천자임금도 상향식 간접선거로 뽑자는 주장이다 에서도 백성의 뜻을 배반하는 통치자는 존재할 수 없다는 위민사상을 힘주어 말했다 박 이사장은 임금이라도 문제가 있다면 언제든 퇴출시키고 다시 선출해야 한다는 민주정치 국민저항권의 개념을 담은 의심할 바 없는 인류 역사의 위대한 선진사상이라고 분석한다 물론 한계가 있다 며느리들이 게으르면 쫓아내도 좋다고 하고 아들 둘에게만 편지를 쓰는 등 남존여비 사상에서 벗어나지 못했다 그의 외 선조인 고산 윤선도처럼 유려한 한글 시는 한편도 없다 국가사회발전 개혁 주체를 군왕으로만 보면서 주자학과 유교주의의 틀을 깨지 못했다 하지만 바닥에 깔린 뜻은 상당히 변혁적이었다 개혁가 진보적 사상가 실천적 지식인이다 그걸 깔아뭉개선 안 된다 박 이사장은  년 유신체제에 반대한 전남대 지 사건으로 복역한 뒤 모두  년 반 정도 옥고를 치렀다 도 감방 안에서 본격적으로 읽기 시작했다 친구 시인 김남주는 옆에서 사회과학서적이 반입되지 않는다며 아우성이었지만 한자 책은 반입이 자유로워 맘대로 볼 수 있었다고 웃었다 그가 내민 앞쪽에는 번호  번 성명 박석무 교부일  년  월 일이 뚜렷하게 인쇄된 열독허가증이 아직도 붙어 있었다 신자유주의 체제 아래 지금 세상은 좋은 학벌 돈 권력에만 관심이 있다 공무원은 공렴을 상실하고 학교는 돈벌이가 안 되고 효용성이 없다며 기초학문을 저버린다 나라가 이래서야 되겠는가 공렴이 없다면 한국 사회의 난제는 거듭된다 세월호 사건 같은 난제를 두고 통쾌한 비판으로 끝나선 안 된다 실천해야 한다 그것이 지금 다산이 필요한 이유다 박 이사장은 다음 작업으로 를 현대인이 읽기 좋도록 만들어 펴낼 생각이라고 포부를 밝혔다 이유진 기자  
31,지난  일과  월  일 경기도 고양시 고양아람누리에서 열릴 예정이었던 음악축제 뷰티풀 민트 라이프이하 뷰민라사진가 행사 하루 전인  일 저녁 갑자기 취소돼 논란이 일고 있다 주최사인 민트페이퍼는  일 밤  시께 누리집에 올린 글을 통해 공연장을 제공하는 고양문화재단의 일방적인 취소 통보로 뷰민라 진행이 불가하게 되었음을 알려드린다고 밝혔다 앞서 고양문화재단은 이날 오후  시께 민트페이퍼에 공문을 보내 공공기관으로서 재단은 세월호 침몰 사고 희생자와 실종자 그 가족들의 슬픔을 뒤로한 채 어떤 형태로든 뷰민라의 정상진행에 협조할 수 없는 상황이라며 취소를 통보했다 이에 민트페이퍼는 음향 조명 무대 영상 시스템 부스 등을 설치하고 리허설을 마치기까지 별다른 움직임이 없다가 급하게 일방적으로 취소를 통보한 데 대해 유감이라며 반발했지만 행사는 끝내 취소됐다 세월호 침몰사고 이후 그린플러그드 월드 디제이 페스티벌 안산밸리 록페스티벌 등 몇몇 음악축제와 공연들이 잇따라 연기되거나 취소됐다 하지만 뷰민라는 연기나 취소 대신 행사를 축소해 진행할 뜻을 밝혀왔다 민트페이퍼의 이종현 프로듀서는 지난  일 누리집에 음악과 공연이라는 것의 본질이 경우에 따라서는 누군가를 위로하고 정화하고 희망을 줄 수 있으며 그렇기에 그 어떤 문화보다도 가치 있는 것이라고 생각했기 때문이라고 썼다 민트페이퍼는 지난  일 관객출연진참여업체 이름으로 세월호 희생자와 유가족에게 성금  만원을 전달하고 안산 합동분향소를 찾아 조문하기도 했다 그럼에도 고양문화재단이 주최사와 합의 없이 하루 전 취소 통보라는 극약처방을 내린 데는 정치적 부담이 작용했다는 해석도 나온다 백성운 고양시장 새누리당 예비후보는  일 오전 성명서를 내어 고양시와 문화재단은 세월호 통곡 속에서 맥주를 마시며 온몸을 들썩거리게 하는 음악 페스티벌과 관련해  만 고양시민들께 정중히 사과하라고 새정치민주연합 소속인 최성 현 고양시장을 겨냥했다 이에   지방선거를 앞두고 쟁점화될 것을 우려한 고양시가 급박하게 취소 결정을 내린 것 아니냐는 것이다 이번 사태를 놓고 에스엔에스에서 논란이 번지고 있다 하루 전까지 공연을 준비해온 음악인 스태프 예매 관객뿐 아니라 다른 많은 음악인과 음악팬들도 분노하고 허탈해하는 의견을 쏟아내고 있다 특히 고양아람누리에서 지난  일 세계적인 테너 이언 보스트리지의 내한공연이 성황리에 치러진 사실이 알려지면서 대중음악 홀대론이 퍼져나가고 있다 유독 대중음악만을 딴따라로 비하하는 것 아니냐 치유와 위안을 주는 음악의 기능을 무시한다 가수들 또한 각자 위치에서 할 일을 하며 나름의 애도를 하는 것인데 왜 자신만의 잣대를 들이대며 애도의 방법을 강요하느냐는 등의 의견이 줄을 잇는다 음악평론가 김성대씨는 인류학자 메리엄이 제시한 음악의  가지 기능에 따르면 음악은 말로 할 수 없는 감정표현을 가능하게 하는 커뮤니케이션의 도구로서 기능하고 사회 통합에도 기여한다며 음악과 공연을 단지 놀고먹는 소비 행위로 규정하는 건 편협한 해석이라고 말했다서정민 기자  
32,근사하게 이야기하면 끊임없이 떠나서 마지막엔 아무것도 없이 사라지는 것이 운동가의 마지막 모습이 되어야 하는 것이지요 그러면 진짜 근사한 것이지요 그야말로 표표히 사라지는 것이 아름다운 모습 아닐까요  년 고려대에 입학한 그해 굴욕적인 한일협정 반대 시위 사태에 가담했다가 당시  살 나이에 내란죄 항목의 주요임무 종사자로 찍혀  개월간 구금당한 이후  년간 가톨릭농민회와 우리밀살리기 등의 운동 현장을 지켜 온 정성헌  한국 비무장지대평화생명동산 이사장 지난해 말  년간의 민주화운동기념사업회 이사장 임기를 마치고 물러난 그가 지난  일 한겨레신문사를 찾았다 원래 지금쯤 한창 두릅 따서 맛있게 먹을 때인데 벌써 끝나버렸어요 꽃이 너무 일찍 피고 져버렸어 큰일이요 이러면 벌 등 벌레와 새들도 제대로 적응을 못해 꽃가루받이수분도 제대로 안 되고 열매도 신통찮아  년 전 구제역이 심할 때 민간 양봉가들은 토종벌  가 죽었다고 했고 정부는  라고 했어요 내가 보기에 한  는 죽은 것 같아 정 이사장은 자연생태계 파괴가 이미 임계치를 넘은 것 같다고 했다 그가 좀 더 근본적인 문제를 걱정하며 생명평화 운동 쪽으로 시선을 돌린 이유다 현장을 중시하는 그는 가톨릭농민회나 우리밀살리기운동에서 주로 본부에서 활동했지만 그때도 활동 시간과 공간의 반은 현장이었다고 했다 그 뒤 나는 현장으로 갔고 지금 디엠제트 현장까지 왔습니다 그래서 농담조로 얘기합니다 내금강 현장까지 가면 내 운동은 끝이다라고요  년에 시작한 디엠제트동산은 그 다음해 인제군 서화면에  만 평의 땅을 마련해 해마다 목화수금토의  행에 맞춰  그루의 나무를 심어왔고 교육마을을 만들어 연간  여명의 학생 시민 국내외 운동가 공무원들에게 생명평화통일 이념을 전파했다 지금까지  개국 사람들이 다녀갔다고 했다 그가 최근에 낸 책 리북 펴냄도 평화생명통일 이야기라는 부제를 달고 있다 지금 현장 운동가들이 참고할 만한 경험 많은 선배의 육성이 너무 필요하다는 후배들의 요청을 받아들여 경험을 이야기로 쉽게 풀었다는 그 책에서 그는 이렇게 썼다 사람을 변화시키고 사회를 변화시키는 것이 운동인데 사람의 변화를 생각하기보다는 상대방을 무너뜨릴 생각이 너무 강했던 것입니다  개인의 변화와 사회의 변화를 함께 이루어야 합니다  스스로 함께 꾸준히 하는 것이 운동입니다 민이 앞장서서 모금을 하고 인제군이 많은 경비를 부담했으며 환경부도 함께하는 민관 공동의 디엠제트동산 운영은 민관   대  으로 의사결정을 하되 실무집행은 민 쪽이 맡기로 처음부터 약속했단다 정 이사장은 지금  명 이사진 구성은   대  로 민 쪽이 압도적으로 많다고 했다  년 북에 갔을 때 공동사업을 제의했다 디엠제트동산에서 내금강까지  분이면 갈 수 있다 길도 이미 다 돼 있다 그러니 내금강을 역사문화생태 중심 관광지로 만드는 사업을 한번 벌여보자고 지금까지 금강산 관광은 먹고 마시고 즐기는 쪽에 치중하지 않았나 그때 북이 그 제안을 거절하지 않았다  박을 디엠제트동산에서 하고  박째는 내금강에서 하는  박 일 일정이면 딱 좋지 않은가 올해 하반기에 방북신청을 해서 그 사업 시작하자고 할 작정이다 전쟁 때 폭격으로 파괴된 장안사도 복원하고 싶다 발의를 기독교가 하고 불교가 이를 받아 실행하는 민족과 종교의 화해 모양새가 되면 좋겠다 기념사업회 이사장 임면권을 지닌 안전행정부 장관이 정 이사장 연임 제청을 받지 않고 박상중 목사를 이사장에 앉히려는 문제로 사업회 직원들이 장기농성을 벌이는 등 파행이 이어지고 있다 정부가 왜 굳이 그랬을 것으로 보느냐는 질문에 그는 글쎄 낸들 알 수가 있나요 이럴 때 딱 맞는 얘기가 바로 유구무언이라고만 했다 세월호 사태와 관련해 그는 비열하고 책임감 없고 무능한 사건 관련 당사자들과 관료주의적인 정부 분별없는 언론을 나무라면서도 나도 이 사회의 작은 선장이라며 내게도 책임이 있다고 했다 글 한승동 기자 사진 김경호 기자  
33,수학여행을 폐지하기보다 학교 여행 종합지원센터를 설립해 안전한 학교 밖 활동을 위한 정책을 내놓겠습니다 서울시교육감 진보 단일후보인 조희연  성공회대 교수는 세월호 참사를 절대적 반성이 필요한 절대적 사고라고 규정했다 그러나 참사 이후 쏟아져 나오고 있는 대안들이 자칫 잘못된 방향으로 나아갈까 우려했다 조 예비후보는  일 기자회견을 열고 교육감 후보로서 현실을 고려한 성찰적 토론을 제안한다며 학교 안전사고 재발 방지 대책을 내놨다 조 예비후보는 수학여행은 교실을 떠나 친구들과 우정을 돈독히 하는 장이다 폐지할 것이 아니라 배움과 우정이 넘치는 수학여행 운영체제를 만들어야 한다고 말했다 조 예비후보 역시 대규모 수학여행은 교육적 효과나 안전 면에서 지양하는 게 옳다고 짚었다 다만 학교 쪽에 단체여행 폐지를 강요하는 대신 교사들이 소규모 테마여행을 선택할 수 있도록 대안을 마련해주는 방안이 필요하다고 강조했다 그는 교사의 수업 외 부담을 최소화하고 실효성을 높이기 위해선 교육청 산하에 학교 여행 종합지원센터를 두자고 제안했다 안전 보조교사를 지원해 학교 밖 활동 때 안전지도를 강화하고 지방자치단체나 관광기관과 협력해 교사들에게 소규모 여행 프로그램 정보를 제공하겠다는 계획도 내놨다 정부의 규제 완화 흐름 속에서 학생들의 안전과 생명을 지켜낼 착한 규제 구상도 밝혔다 조 예비후보는 세월호 참사에서 공적인 규제장치가 하나라도 제대로 작동했다면 사고를 막을 수 있었을 것이라고 말했다 그는 이와 관련해 학교 여행 안전 조례를 제정해 안전 규정에 미달하는 운송업체가 학교 밖 이동 행사에 참여하지 못하도록 막겠다고 밝혔다 또 서울시교육청에는 학교안전과라는 전문 부서를 신설하겠다는 구상도 내놨다 전정윤 기자  
34,◇ 서울시시장 박원순와 서울산업진흥원이사장 김상범은  월 일 월 일  서울공예상공모전 참가작을 모집한다 참가자격은 서울에 주소를 둔 개인과 기업서울소재 학교 재학생이며 목칠 도자 금속 섬유 종이 기타공예 작품으로 출품이 가능하다 누리집  참고 ◇ 중소기업 옴부즈만지원단은  일 제 대 중소기업 옴부즈만으로 김문겸 숭실대 벤처중소기업학과 교수를 위촉했다 임기는  년 ◇ 대한불교조계종은  일 올해 불자대상 수상자에 루이스 랭카스터 캘리포니아주립대 버클리버클리 명예교수 등  명을 선정했다고 밝혔다 시상식은  월  일 오전  시 서울 견지동 조계사에서 열리는 부처님오신날 봉축법요식에서 진행된다◇ 대한적십자사총재 유중근는 새달  일까지 전 국민을 대상으로 세월호 침몰 사고 등 재난으로 인한 급성 스트레스 및 심리적 충격을 최소화 할 수 있도록 심리사회적지지 핫라인 을 개통해  시간 상시운영한다 ◇ 한국무역학회회장 박명섭는  일 농수산식품 무역증대와 무역보험을 주제로  년도 제 차 학술대회를 열었다 ◇ 한국기자협회회장 박종률는  일 사랑의열매 사회복지공동모금회회장 허동수에 세월호 침몰사고 피해 지원을 위한 성금  천만원을 기부했다◇ 도산아카데미 스마트사회연구회회장 곽덕훈는  월  일 오전  시 남대문 서울힐튼호텔 그랜드볼룸에서 김범석 쿠팡 대표를 초청해 모바일 시장으로 재편되는 커머스 시장을 주제로 제 회 스마트 사회 지도자 포럼을 연다 ◇ 동국대학교 총동창회회장 송석환는  일 본교 고시반 학생들에게 장학금  만원을 전달했다 송석환 총동창회장은 건학 주년 발전기금으로  억  백만원을 기부했다 ◇ 이석용의병대장 순국  주년 기념사업 추진위원회위원장 양영두는  월 일 전주와 임실에서 전북 항일의병장인 정재 이석용선생의 순국  주년을 기념해 전국학술대회와 추모문화제를 연다 ◇ 고려대총장 김병철는  일 오후  시 고려대 백주년기념관 국제원격회의실에서 사진작가 김중만 씨를 초청해 특강을 연다 ◇ 한국교통연구원원장 김경철은  일 오후  시 남대문 대한상공회의소 중회의실에서 국가교통통계 개선연구 정책토론회를 연다 ◇ 장선종합사회복지관관장 김광수은 새달  일까지 웰다잉 프로그램  기 대상자를 모집한다 부산에서 거주 중인  대 이상 남여  명을 모집하며  월 일 월 일 매주 월요일 오전  시 죽음에 대한 올바른 깨달음과 행복한 노후에 대한 교육 프로그램을 진행한다  ◇ 한국경제연구원원장 권태신은  일 오후  시 여의도 컨퍼런스센터  층 에메랄드룸에서 규제개혁 논의과제와 평가시스템 개선방안을 주제로 세미나를 연다 ◇ 북한법연구회회장 장명봉 국민대 명예교수는  일 오후  시 분 중구 뉴국제호텔 두메라룸에서 북한의 형사소송제도 동향과 형사소송법의 개정을 주제로 제  회 월례발표회를 연다 ◇ 한국지멘스대표 김종갑는  일 대한적십자사총재 유중근에 세월호 피해 가족을 위해  억 원을 기부했다◇ 대표 나세르 알 마하셔은  일 일까지  박 일 간 희귀 난치 질환을 앓고 있는 어린이 가족  여명을 초청하여 제주에서 햇살나눔 캠프를 열었다 ◇ 남북경협본부상임대표 이장희는  일 오후  시 용산구 남북경협 사무실에서   남북관계 현안과 전망을 주제로 포럼을 연다  ◇ 건국대총장 송희영는  일 일본의 비영리 민간단체 한 구석을 비추는 모임이 한일 우호관계 확대를 위해 건국대 학생들에게 매년  만 엔 만원 상당씩  년째 장학금으로 전달했다고 밝혔다 
35,서울엔 박주영과 쌍용 기성용 이청용이 있었다 수원 삼성엔 안정환과 김남일 송종국이 있었다 양팀 골문은 김병지서울와 이운재삼성가 지켰다 불과  년 전의 일이다 사람들은 두 팀의 맞대결을 슈퍼매치라 불렀다  년 국제축구연맹은 반드시 봐야 할 세계  대 더비 중 두 팀의 대결을 일곱번째로 꼽았다 슈퍼매치의 또다른 주인공은 축구팬이었다 프로야구의 인기와  년대 말 경제 위기로 리그는 부침을 거듭했으나 슈퍼매치는 건재했다 경기 내용도 흥미로웠지만 관중수는 또다른 관심거리였다  년  월 일 그해 두번째 슈퍼매치가 열린 서울월드컵경기장엔  만 명의 관중이 몰렸다 이후 관중은 조금씩 줄었지만  년까지 평균 관중은  만명을 거뜬히 넘었다 지난해부터 슈퍼매치의 명성도 시들기 시작했다 서울과 수원의 전력이 약해진 게 가장 큰 원인이다 과거처럼 라이벌 구도를 형성할 스타 선수들도 없다 지난해 네번의 맞대결에 찾아온 평균 관중은  만 명 올 시즌 첫 슈퍼매치가 열린  일 수원월드컵경기장엔  만 명의 팬이 찾았다 오전부터 비가 내렸고 세월호 참사 때문에 적극적인 홍보행사나 이벤트도 열 수 없었던 점을 고려하면 적지 않은 숫자였다 가장 최근인 지난해  월 맞대결을 찾은 관중은  만 명이었다  만명 가까운 관중이 몰렸지만 한 골밖에 터지지 않은 게 아쉬웠다 양쪽 선수들은 마치 리그 최종전처럼 몸을 날렸고 거친 태클도 나왔다 세밀함은 부족했다 특히 최근  경기 연속 무패로 기세가 오른 안방팀 수원의 공격이 아쉬웠다 최전방 정대세의 발에 걸리는 패스가 좀처럼 나오지 않았고 양쪽 측면에서 올리는 크로스의 정확성은 떨어졌다 중국 리그로 간 데얀과 하대성의 공백으로 해결사가 없는 서울의 공격도 답답하긴 매한가지였다 수원은 후반  분 역습으로 서울 에스쿠데로에게 골을 내준 뒤부터 공격수를 늘리며 만회를 노렸으나 끝내 서울의  백 라인을 뚫지 못했다 서울은 이날 승리로  년  월 이후 이어온 수원 경기 무승 악몽 무 패을 떨쳐냈다 포항 스틸러스는 안방에서 인천 유나이티드에   승리를 거뒀다  연승을 거둔 포항은 승점  가 돼 전북 현대승점  를 끌어내리고 다시 선두로 올라섰다 최하위 인천은 개막 뒤  경기째 승리를 거두지 못했고 연속 경기 무득점 기록을  경기로 늘렸다 수원박현철 기자  
36,사회적경제기본법 제정이 급물살을 타고 있다 연초부터 적극적인 의지를 보였던 새누리당 사회적 경제 특별위원회특위는 지난  일 법률안을 마련해 공청회를 열었다 특위가 꾸려진 지 석달여 만에 법률안이 세상에 나왔다 일찍이 사회적경제기업 구매촉진 및 판로지원에 관한 특별법을 발의해 놓은 새정치민주연합에서도 공동발의나 별도발의를 고려하고 있다 여야가 협력해 공동의 목표를 향해 같이 나아가는 새로운 이정표가 될 것으로 기대가 모아진다 그런데 정작 사회적 기업 협동조합 마을기업 자활기업 등 사회적 경제 조직 간에 사회적경제기본법안 내용이나 제정 시기와 속도에 대한 이견들이 적잖이 있다 사회적 경제가 지속 가능하게 커가기 위해 긴 안목으로 보고 뜻을 모았으면 한다 우선 정부의 역할에 대해 지나친 기대보다는 사회적 경제의 연대와 협력을 돕는 데 방점을 찍었으면 한다 흔히 주류 경제에 있는 사람들은 사회적 경제가 글로벌 시장경제에서 경쟁력이 있는지 의문을 던진다 사실 개별 사회적 경제 조직을 보면 이런 우려는 있을 법하다 하지만 이들이 가치와 비전을 공유하고 부족한 물적 인적 자원을 연대와 협력으로 보완하면 상당한 경쟁력을 갖출 수 있게 된다 이탈리아 프랑스 영국 등 유럽 사회적 경제 조직의 경우에도 이러한 사실을 확인할 수 있다 이들 나라에서는 기존의 전통적인 사회적 경제 조직인 농협 신협 등과 후발 사회적 경제 조직인 사회적 기업 협동조합 사이의 사업적 협력이 활발하게 이뤄지고 있다 따라서 사회적경제기본법에서는 사회적 경제 조직의 상호연대를 돕는 제도적 환경을 만드는 데 초점을 뒀으면 한다 사실 연대와 협력은 사회적 경제 조직에서도 가장 어려운 지점이다 당장 활발하게 실행으로 이어지지는 않을 것이다 하지만 적어도 안성 원주나 전북처럼 농협 신협 등과 협동조합 마을기업 사회적 기업이 서로 협력을 시도하고 있는 곳에서 성과를 내는 기반은 될 수 있다 여기서 성공의 경험이 쌓이면 앞으로 더 많은 협력과 연대의 사례가 이어질 수 있다 이런 연대와 협력이 사회적 경제 조직의 경쟁력이 될 수 있고 지속가능성의 근간이 될 것이다 정부 부처 통합 문제는 사회적 경제 조직이 성장 단계에서 다양한 경로를 선택할 수 있도록 총괄기관을 두는 데 의미가 있다 예컨대 마을기업으로 창업한 사회적 경제 조직이  년 뒤 예비 사회적 기업이나 협동조합으로 전환할 경우 현재의 부처간 칸막이는 이를 어렵게 하는 측면이 있다 현재 사회적 경제 조직 관련 업무는 고용노동부사회적 기업 안전행정부마을기업 기획재정부협동조합 보건복지부자활기업 농림축산식품부농어촌공동체회사로 나눠져 있다 또한 정부정책에서 사회적 경제 조직이 경제조직으로 인정받아 금융 조달 세제 연구개발 창업보육 등의 지원에서 차별받지 않도록 하는 것도 중요하다 이런 맥락에서 기획재정부가 정책조정총괄 업무를 맡는 것은 경과 조치로 접근했으면 한다 향후 별도의 처나 청 또는 상설자문위원회로 진화해야 할 것이다 사회적 경제는 기존 자유시장경제와 자본주의의 한계를 극복하는 대안이다 경쟁과 효율 중심의 경제가 어떤 괴물을 낳을 수 있는지 이번 세월호 참사에서 우리는 똑똑히 확인할 수 있었다 돈만 중시하는 경제로는 우리 사회의 안전과 행복을 담보할 수 없다 탐욕 대신 이타심 상호성 협동 사회적 목적 같은 동기가 지배하는 경제조직을 만들고 제도화해야 한다 이런 점에서 사회적경제기본법 제정은 의미 있는 출발이다 사회적경제기본법 제정을 늦추지 말아야 할 이유이기도 하다 이현숙 한겨레경제연구소장  
37,대학원 학생들과 낮은 출산율을 화제로 이야기를 나누다 깜짝 놀란 적이 있다 한 여학생이 자기도 아이를 낳지 않을 것이라고 선언하자 같이 있던 네 명의 여학생들도 모두 고개를 끄덕이며 동의하는 게 아닌가 끝없이 경쟁을 강요하는 이 교육지옥 속으로 아이들을 떠밀어 넣을 자신이 없다는 것이 한결같은 이유였다 십대 시절 행복했던 기억이 별로 없다는 말도 모두 같았다 세월호 사고로 희생된 학생들을 보면서 왜 이 대화가 맨 먼저 떠올랐을까 행복했던 기억이 없는 지옥 속에서 살다가 이제 차갑고 어두운 바닷속에서 죽어간 아이들이 너무도 안쓰럽다 이런 세상을 만들어놓은 우리 어른들의 죄는 도대체 어떻게 혜량할 것인가 세월호 참사로 숨져간 아이들을 진심으로 애도한다면 우리가 반드시 해야 할 일이 하나 있다 그 아이들이 소망했으나 한 번도 살아보지 못한 삶을 이제부터라도 우리 청소년들이 살도록 해주는 것이다 행복한 십대를 돌려주는 것이다 그러려면 우선 교육부터 바꿔야 한다 우리 십대들을 가장 불행하게 하는 것이 바로 우리나라의 잘못된 교육이기 때문이다 본래 교육이란 학생의 잠재력을 밖으로 끌어내는 것이다 사회적 요구를 일방적으로 쑤셔넣는 우리네 교육은 기실 반교육에 가깝다 게다가 그 교육의 결과가 사회적 차별의 근거가 된다는 점에서 반사회적이기까지 하다 이렇게 반교육적이고 반사회적인 교육풍토 속에서 우리 학생들은 세계에서 가장 불행하고 우울한 학창시절을 보내고 있다 획일화된 학습과 평가 시스템 속에서 개성과 창의성을 잃어가고 있고 우정과 사랑의 감성은 사라지고 경쟁과 대결의 논리만이 지배하는 살벌한 정글 같은 교실에서 절망과 불안을 내면화하고 있다 학생들은 오로지 공부만 하는 학습기계로 전락하였고 정규수업 이외에도 학원 과외 야자로 이어지는 엄청난 학습노동은 그 시간과 강도에서 인권유린의 수준을 넘어선 지 오래다 이제 우리 아이들을 모든 어른들이 공모하여 처박아 넣은 이 끔찍한 노예상태에서 해방시켜야 한다 이제 어른들은 노예감독관 노릇을 그만두어야 한다 이제 우리 아이들을 행복한 자유인으로 키워야 한다 우리 아이들도 행복할 권리가 있다 그들도 다른 나라 아이들처럼 자유롭게 연애도 하고 맘껏 독서도 하고 연극이나 영화도 보고 박물관이나 미술관에도 가고 방학 때는 여기저기 여행도 다니면서 그렇게 자신의 고유한 삶을 향유해야 한다 그렇게 인간적인 품성을 키우고 시민적인 자질을 높여야 한다 자신의 개성과 천재를 발견할 여유를 가져야 한다 미래가 아무리 장밋빛이라 해도 삶은 한순간도 유예될 수 없다 우리 아이들을 행복한 자유인으로 키우는 것은 결코 불가능한 꿈이 아니다 우리가 사는 이 유라시아 대륙의 반대편에서는 그것이 상식이요 일상이다 의지만 있으면 우리도 할 수 있다 저 침몰하는 배 안에서 가만히 있으라고 말하던 어른들이 우리 아이들을 죽음으로 내몰았듯이 이런 부조리한 교육 불합리한 세상을 묵인하는 우리들은 어쩌면 이 땅 위에서 매일매일 조금씩 우리 아이들을 죽여가고 있는지도 모른다 세월호의 아이들이 갈망했을 그런 세상을 이제 우리 어른들이 열어주어야 한다 이 시대착오적인 노예상태에서 아이들을 해방시켜 그들의 얼굴에 다시 행복한 미소가 피어나도록 해야 한다 더러운 대한민국 이렇게 부끄러운 적이 없었다 언니 오빠 두 번 다시 이런 나라에 태어나지 마세요라는 저 아이들의 분노와 저주의 외침을 또다시 들어선 안 된다 김누리 중앙대 교수 독문학 
38,세월호 사건을 보면서 안타까운 것이 하나둘이 아니다 선장과 선원이 자기 도생圖生을 위해 수많은 젊은이들을 희생시킨 것은 말할 것도 없고 정부가 운영하는 시설과 기구들은 왜 제대로 작동하지 않았는지 지지부진한 초기 대응은 어떤 변명으로도 곧이들리지 않는다 막대한 예산으로 군대를 유지하는 것이나 숱한 방재시설과 기구를 설치한 것도 한순간의 위난에 대처하기 위함인데 그게 작동하지 않았으니 국가시스템이 붕괴되고 있다는 우려의 소리가 예사롭게 들리지 않는다 모두 책임을 망각한 데서 나온 결과다 그런 속에서도  살의 선원 박지영과 단원고 강아무개 교감은 우리 사회의 상실된 책임의식을 일깨워준다 어린 승객들에게 퇴선명령을 내리면서 선원들은 맨 마지막이다 너희들 다 구하고 난 나중에 나갈게라는 말을 남기고 산화한 그녀는 진정 영웅이었다  명의 생사를 알 수 없는데 혼자 살기에 힘이 벅차다 내게 모든 책임을 지게 해 달라며 자신의 유해를 침몰지역에 뿌려달라고 한 그는 온갖 비난의 대상이 되고 있는 교육계에 책임지는 스승상을 보여주었다 두 분이 있었기에 타이타닉호 선장 에드워드 스미스 같은 영웅이 없어 부끄러워하는 대한민국이 겨우 체면을 세웠다 한나라새누리 정권에서 책임지는 모습을 본 지는 오래됐다 천안함 폭침이 있었을 때  여명의 꽃다운 젊은이들이 희생되었는데도 책임진 상관이 있었는가 폭침이 북한에 의한 것이라는 결론이라면 국방상 중대한 구멍이 뚫린 것이고 이는 일벌백계로 다스려야 하는 안보 문제다 그럼에도 군사상 책임을 묻지 못했다 아니 묻지 않았다 폭침 이외의 어떤 주장도 용납될 수 없다면 먼저 피침被侵에 대해 왜 책임을 묻지 않았는가 해명해야 한다 폭침 문제를 인사청문회장으로 끌고 와 사상검증용으로 활용하기 전에 서해안 방위 책임자를 청문회장에 세우는 것이 순서 아닌가 얼마 전의 무인기 사건도 마찬가지다 방공망이 뚫린 것이 사실이라면 호들갑을 떨기 전에 그 책임자의 목부터 치고 국민을 설득해야 한다 이 사건들의 책임 추궁이 몇년 전 동해안 노크 귀순 사건에서 줄줄이 옷을 벗게 한 것과는 판이한 대조를 이루었다 왜 그런가 간첩 증거 조작에 대한 국정원장의 무책임한  분 사과를 떠올리는 것은 창피스럽다 당일 오전과 오후 두 차례의 대국민 사과를 보면서 마치 동네 싸움에서 내몰린 애가 갑자기 나타난 엄마 뒤에 숨어서 호가호위하는 듯한 느낌을 받았다 순서로 봐서도 국정원장의 사과가 먼저 아닌가 바뀐 순서로 그 위계질서마저 모호하게 느꼈다면 그 책임은 누가 져야 하나 최근의 그는 한때 자랑스러운 군복에 때를 묻힐 수 없다며   쿠데타의 전두환을 강하게 비판했다가 진급심사에서 불이익을 당했다는 명예를 중시하는 인품을 가진 사람으로는 도저히 보이지 않는다 국정원의 명예를 위한다면서 정상회담 비망록을 공개해 국가를 망신시키고 그러고도 물러나지 않는 모습은 그가 명예를 생명같이 여기는 대한민국 육군을 책임졌던 분이라고 도저히 믿을 수 없다 세월호 참사와 관련해 공직자의 책임 문제도 크게 부각되고 있다  일 총리가 사의를 밝힌 것은 당연하다 외국 순방에서 돌아온 총리가 아예 현장으로 직행해 사태 수습을 진두지휘하는 모습은 상찬하고 싶지만 사태 발생 뒤 열흘이 넘은 시점이라는 점에서 아쉬움이 더 크다 공황에 빠진 국민에 대한 예의를 생각한다면 처음부터 사의를 표명해야 했고 다른 장관들도 함께 행동해야 했다 대한민국호의 선장이 물러나야 할 판에 선원들이 자리를 지키는 것은 또 무슨 희극인가 이만열 전 국사편찬위원회 위원장 
39,고은 시인의 시구대로 지금 온 나라가 상중이다 수백명의 어린 생명들을 눈앞에서 잃어버렸다 가슴을 치며 통곡해도 바다는 단 하나의 목숨도 돌려주지 않는다 나라가 어디로 갔는지 알 수 없을 정도로 세월호 침몰 이래 지금껏 정부는 허둥지둥 우왕좌왕 갈팡질팡이었다 희생자실종자 가족들의 고통은 몇 배로 커졌고 피가 말라붙는 그들의 아픔은 온 국민의 아픔이 됐다 시민들은 서로 모여 슬픔을 함께한다 전남 진도 팽목항과 경기 안산엔 자원봉사자들이 줄을 잇고 희생자 합동분향소엔 추모객의 발길이 끊이지 않는다 희생자실종자 가족들이 절망에 꺾이지 않도록 작은 힘이라도 모아 서로 돕는 모습에서 어둠 속 희망을 본다 인터넷과 트위터는 노란 리본으로 넘실거린다 시민들의 자발적 참여로 이루어진 노란 리본 달기에는 기적을 바라는 모든 이의 마음이 담겼다 노란 리본 캠페인은 전쟁터에 나간 사람의 무사귀환을 바라며 노란 리본을 나무에 매단 데서 유래했다고 한다 지금 노란 리본은 단 한 사람이라도 살아 돌아와 주기를 바라는 온 국민의 간절한 기도를 상징한다 돌아와주렴 돌아와주렴 제발 우리 품으로 돌아오렴 노란 리본 캠페인에 동참하여 남긴 인터넷 글들은 세월호 참사의 고통을 서로 감싸안으려는 시민들의 마음을 그대로 보여준다 많은 학생을 참사로 잃어버린 안산에는 임시 합동분향소가 설치된 뒤로 조문객이 밀려들고 있다 분향소 설치 사흘 만인  일 오후  만명을 넘었다고 한다 잠깐의 헌화와 묵념을 위해 수없이 많은 사람들이  ㎞가 넘는 긴 행렬을 이루어 몇 시간씩 기다린다 슬픔을 함께할 수 있다면 한두 시간씩 서서 기다리는 일쯤은 조금도 힘들지 않다는 마음들이다 시민들의 조문을 돕는 사람도 조문객과 같은 마음으로 찾아온 자원봉사자들이다 이웃의 깊은 슬픔을 위로하는 이 조문행렬 봉사행렬에서 성숙해져 가는 우리 사회 시민의식을 본다 슬픔을 안고만 있으면 병이 된다 시민들이 슬픔을 표출하고 서로를 위로할 수 있도록 돕는 것이 정부가 해야 할 일이다 정홍원 총리는 지난  일 전국에 합동분향소를 설치하라고 지시했다는데 안전행정부는  일에야 전국 지자체에 분향소 설치 지침을 내렸다고 한다 미리 서두른 서울시는  일 오후부터 서울광장에 분향소를 차렸지만 다른 광역 시도에는  일에야 분향소가 설치된다고 한다 정부가 시민의 추모 열기 확산을 막으려고 일부러 늑장을 부린다는 말까지 나오는 상황이다 정부는 이제라도 시민들의 마음을 잘 헤아려 불필요한 의구심을 씻어내기 바란다 
40,정홍원 국무총리가 세월호 침몰사고에 대한 책임을 지고 사의를 표명했다 정 총리가 사고예방과 초동대처 수습과정의 문제점 등에 대한 정부의 책임을 인정하고 사과한 것은 당연하다 하지만 수색구조 작업이 한창 진행중이다 아직 어둡고 차가운 바닷속에 남아 있을  명이 넘는 학생들의 생사조차 모르는 판이다 이런 상황에서 총리가 덜컥 사의 표명부터 한 것은 무책임하다는 지적을 피하기 어렵다 배 안에 갇힌 사람들을 눈앞에 두고서도 단  명도 구조하지 못한 정부이니 그 무능함에 대해선 더 언급할 필요조차 없을 것이다 그렇지만 총리와 장관들이 당장 사퇴하라는 게 여론의 핵심 요구는 아니었다 야당도 총리 등의 퇴진을 요구한 바 없다 정부의 책임이 없어서가 아니라 지금은 사고 수습에 최우선 순위를 둬야 할 상황이기 때문이다 청와대가 사퇴 수리 시기를 사고 수습 이후로 미룬 만큼 정 총리는 마지막  명의 생사가 확인될 때까지 수색과 구조에 전력투구하라는 국민의 명령을 실행해야 할 것이다 정 총리는 제가 자리를 지킴으로써 국정운영에 부담을 줄 수 없다는 생각에 사퇴할 것을 결심했다고 밝혔다 박근혜 대통령 손에 국면전환용 카드를 쥐여주기 위해 사퇴를 결행했다고 실토한 셈이다 이 상황에서도 사고 수습이나 국민 안위보다 대통령의 부담을 먼저 헤아리는 총리의 그 충정이 참으로 놀랍다 청와대와 조율한 기자회견이라고 하니 정 총리의 사퇴는 청와대의 사전 각본에 따른 것이라고 볼 수 있다 청와대가 대통령 쪽으로 향하는 비판 여론의 화살을 차단할 목적으로 총리 사퇴 카드를 기획한 게 아닌가 하는 의구심을 떨칠 수 없다 정 총리의 거취 표명이 박 대통령을 책임론의 불길에서 보호하기 위한 방탄용 사퇴가 돼선 안 된다 사실이라면 국민이 저급한 정치쇼를 용납하지 않을 것이다 남을 탓할 생각은 없습니다 그 까닭은 제가 최종 책임자이기 때문입니다 안전 시스템이 작동하지 않는다면 책임은 제게 있습니다 버락 오바마 미국 대통령은  년  월 일 성탄절 항공기 테러미수 사건 관련 대국민 연설에서 이렇게 말했다 박 대통령은 이와 너무도 대조적인 태도를 보이고 있다 우리 국민은 지금껏 대통령으로부터 그 흔한 책임 통감 한마디 듣지 못하고 있다 송구하다는 사과의 말도 부덕의 소치란 의례적 수사도 대통령의 입에선 흘러나오지 않고 있다 그 대신 선장을 살인자로 낙인찍고 관료들의 책임을 질책하는 목소리만이 준엄했을 뿐이다 책임회피 리더십이란 측면에서 박 대통령과 도마뱀 꼬리 자르듯  차장을 사퇴시키고 자리를 보전한 남재준 국정원장은 너무도 닮았다 국민의 마음에 깊은 상처를 남긴 이번 사건은 총리의 대리사과나 대리사퇴로 끝날 일이 아니다 헌법상 행정부 수반이자 국정의 최고 책임자인 대통령의 몫은 따로 있다 대통령이 끝내 책임을 외면한다면 세월호 선장과 박 대통령의 태도에 무슨 차이가 있느냐는 세간의 여론은 더욱 높아갈 것이다 
41,사람들이 자신의 편견에 아첨하지 않는 신문은 사서 보지도 않는다 따라서 그들이 얻는 지식이라고는 자신의 편견과 격정을 확증해주는 지식뿐이다 버트런드 러셀이 이렇게 혀를 찼던 건  년이었다 정보의 편식이 사안의 온당한 처리를 가로막는다는 경고였다 러셀은 이 문제를 민주주의의 난제 중 하나로 꼽았다 정보의 편식으로 치자면 요즘이 그때보다 훨씬 더할 거다 원하는 정보만 쏙쏙 골라주는 세상이니 말이다 페이스북과 구글 등은 개인의 취향과 관심사는 물론 정치 성향까지 꼼꼼히 분석해 맞춤형 정보를 제공한다 맞춤 정보 서비스에 개인의 생각이 제한되는 현상을 일라이 패리서는 필터버블 이라고 이름붙였다 필터버블에 의해 사람들은 점점 편협한 정보의 울타리에 갇히게 된다 필터버블 방지용 서비스도 있다 익명 검색엔진 덕덕고다 덕덕고는 개인의 검색 정보를 저장하지 않는다 생각을 거르는 필터가 없는 셈이다 에드워드 스노든이 미국 국가안보국의 정보수집과 감시 행태를 폭로한 이후 덕덕고 이용자가  배로 급증했다고 한다 일간베스트 저장소 디시인사이드 트위터 등에 올라온 세월호 관련 악성 게시글  건에 대해 방송통신심의위원회가 삭제 등 제재를 결정했다 그래도 디지털 공간에서 세월호 침몰사고를 비틀고 비방하는 글이 넘쳐난다 이런 글에 대한 수요가 있다는 얘기다 디지털 세상은 더는 자유로운 소통의 공간이 아니다 오히려 끼리끼리 뭉치는 인간의 습성을 더욱 자극한다 성향이 비슷한 사람을 추천해주는 데서 그치지 않는다 싫은 소리 하는 사람은 관계망에서 차단해버리면 그만이다 반대쪽 목소리 다른 생각들과 조우하는 불편함을 감수하지 않을 때 토론과 소통은 요원해진다 역지사지해볼 일이다 정보의 편식이 편견의 확대로 이어져 민주주의가 위협받는다는 러셀의 경고는 아직 유통기한이 지나지 않았나 보다 임석규 논설위원  
42,더 무슨 말이 필요한가 대통령이기를 포기한 듯한 대통령 공무원이기를 포기한 공무원이 국가 재난 발생과 구조작업 마비의 모든 것을 설명해준다 자신들의 안전과 이익 그리고 얽히고설킨 이해관계 앞에 자신들이 책임져야 할 승객과 국민들의 안전과 생명은 모두 뒷전으로 밀렸을 뿐이다 국민 안전을 책임진 장관은 대형 여객선이 침몰한다는 보고를 받고도 한가하게 한 행사장에 참석해 활짝 웃는 얼굴로 기념사진을 찍고 그 자리에서 국민중심 행정을 한다고 했다지 수백명의 고귀한 생명이 여객선과 함께 침몰하는 바로 그 순간에 그 사실을 알면서도 한 말이라고 한다 박근혜 정부에게 국민은 과연 누군가 해경은 구조요청을 받고서도 출동명령 보고서 작성한다고 귀중한 골든타임  여분을 낭비했다니 보고서를 쓰지 않으면 받을 견책이 더 두려웠던가 이제 선장선원선주 일가 관련 공무원 등에 대한 조사와 엄한 처벌이 있을 것이다 틀림없이 대통령께서 단호하게 그들을 단죄하실 거다 총리를 경질했고 앞으로 주무장관 몇 명도 문책 경질하겠지 모든 것이 그들의 책임인 양 그러나 이번에는 절대 이것으로 끝내서는 안 된다 이 문제는 선박 안전에 국한된 것이 아니다 국가행정 전반에 걸친 고질적인 문제가 세월호 침몰로 나타난 것에 불과하다 다음에는 무엇이 터질지 누가 알겠는가 그리고 대통령부터 책임회피에 급급한데 그 밑의 공무원들에게서 무슨 의무와 책임을 기대할 수 있겠는가 다 덮고 나면 언제 그랬냐는 듯이 모든 것이 다 원래대로 되돌아갈 텐데 우선 대통령이 바뀌고 정부가 바뀌고 관료가 바뀌어야 한다 많은 국민이 대통령의 무능과 무책임성에 매우 분개하고 있고 또 적지 않은 국민의 마음속에서 대통령은 이미 끝난 인물이 되었다 그러나 안타깝게도 행정조직상의 대통령으로 아직  년 개월이나 더 있어야 하니 남은 기간 제발 책임있게 일해야 한다 대통령은 이제 제발 남 탓하지 않는 새사람이 되기를 바란다 모든 책임을 대통령이 지는 자세로 일해야 한다 그래야 공무원들도 책임있는 행동을 한다 그리고 이 사건을 계기로 관료개혁의 첫걸음을 확실히 내디뎌야 한다 관료개혁 없이 이 문제를 근본적으로 해결할 수 없다 이번 사고의 주무부처인 안전행정부와 해양수산부 그리고 늑장 구조에 책임이 있는 해양경찰청은 해당 지방해양경찰청을 통째로 폐지하고 그 소속 공무원들을 전원 직권면직해야 한다 국민의 생명과 안전을 책임진 관련기관은 기관 전체가 그리고 소속 공무원 전원이 공동책임을 지도록 해야 앞으로 그런 일이 벌어지는 것을 막을 수 있다 공무원들의 철밥통을 깨지 않는 한 절대 이 문제를 근본적으로 개선하지 못한다 같은 맥락에서 한국선급 등 책임있는 관련조직도 모두 해산하고 소속 직원을 모두 해직해야 한다 이것은 필자가 절대 화풀이로 하는 주장이 아니다 장관 담당 공무원 몇 명 자르면 속으로 제일 좋아하는 것이 동료 공무원들이다 앞에서는 같이 눈물을 흘리지만 뒤돌아서서 춤을 추는 것이 공무원의 속성이다 이제 나에게 승진의 기회가 오는구나 그러니 철밥통이 유지되는 한 몇 명의 문책으로 절대 관료는 바뀌지 않는다 사실 문제를 가장 잘 아는 사람들이 그 부처 내의 동료들 아닌가 일을 잘 모르는 외부인보다는 내부자들끼리 서로 감시견제하고 공동의 노력을 하도록 해야 한다 동료가 잘못하면 내 철밥통도 날아갈 수 있다는 공동책임제를 실시하는 것이 가장 좋은 방법이다 국가공무원법 제 조는 직제의 개편 등으로 폐직될 경우 소속 공무원을 직권면직할 수 있다고 한다 민간에서 널리 새로 인재를 구해 안전행정과 해양수산을 책임질 새 조직을 만드는 것이 새로운 사회를 위한 첫걸음이 될 수 있다 과격한 주장이라고 생각할 수도 있겠지만 이 정도의 과단성 없이 우리 사회에서 관료개혁은 영원히 불가능하다 끝난 대통령이 앞으로 남은 임기 동안 대통령답게 일하려면 이 정도의 개혁을 할 각오를 가져야 한다 필자의 생각이다 지면 한계상 골자만 말했다 이동걸 동국대 경영대 초빙교수 
43, 년 레이건 정부가 출범하면서 규제철폐는 민영화 감세와 함께 미국의 주요 국정목표가 됐다 시장은 규제받지 않을 때 가장 잘 작동한다는 자유방임주의가 배경철학이었는데 이는 기업들의 이익은 규제받지 않을 때 가장 커진다는 말로 바꿔도 큰 무리가 없다 이후  여년 동안 미국 정부는 기업들의 요구에 맞춰 규제완화에 주력했다  년 부시 정부 시절 미 식품의약국이 심장마비 같은 심각한 부작용이 있는 의약품을 승인해준 사실이 밝혀져 파문이 일었다 이를 내부고발한 연구원은 방송 인터뷰에서 이렇게 말했다 나의 이전 상사는 제약업계가 우리 고객이라고 했습니다 내가 그에게 아뇨 우리의 고객은 국민이죠라고 말하자 그는 내가 틀렸다며 고객은 분명 제약업계라고 했습니다 우리나라는  년 행정규제기본법을 제정하고 규제개혁위원회를 만들어 미국의 규제완화 드라이브를 적극 수용했다 이후  년여 동안 꾸준히 불필요한 규제에 대한 정비와 규제 신설에 대한 감시가 이뤄졌다 비즈니스 프렌들리친기업를 내걸고 당선됐던 이명박 대통령 시절에는 더 힘을 받았다 하지만 박근혜 대통령의 의지에 비할 바는 아니다 박 대통령은 지난달  일 청와대 비서관회의에서 불필요한 규제는 쳐부숴야 할 원수이자 제거해야 할 암덩어리라고 말해 사람들을 놀라게 했다 지난달  일  시간 동안 생중계된 규제개혁장관회의에서는 초등학교 옆에 관광호텔을 짓게 해달라는 한 개발업자의 요청에 청년들이 많이 취직할 수 있는 일자리를 다 막고 있는 것은 거의 죄악이라고 화답했다 교육부 장관이 난감한 표정으로 지금도 학교 주변에 호텔이 많아 등굣길에 유해한 전단지들이 널려 있다고 말했지만 개의치 않았다 기업주들이 투자를 하는 것은 청년들에게 일자리를 만들어주려는 것이 아니다 돈을 벌기 위한 것이다 그것은 그들의 일이니 나무랄 수 없다 정부가 할 일은 따로 있다 그 사업이 전체 사회 구성원들의 안전 건강 환경 등에 해를 끼치지는 않는지 혹시 기업이 이윤을 더 남길 욕심에 지켜야 할 규정을 빼먹고 있지는 않은지 고용한 노동자들에게 정당한 대가는 지급하고 있는지 점검하는 것이다 그것이 정부의 존재 이유다 세월호 참사 원인 중 하나로 해운업계 요구를 반영한 무분별한 규제완화와 부실한 규제적용이 꼽히고 있다 관련 단체들에 자리를 보장받는 대가로 이런 현실을 눈감거나 조장한 해양수산부 마피아들에 대한 비난이 빗발치고 있다 이른바 관피아관료마피아 문제의 본질은 정부가 특정 이익집단과 결탁하는 것이다 그들은 정부의 역할 즉 공동체 전체의 이익을 대변해야 하는 규제당국으로서의 역할을 배신한다 그렇다면 규제는 암덩어리라며 규제 존재 자체를 무력화시키고 있는 박 대통령은 어떤가 해수부의 한 젊은 공무원은 국정과제로 규제개혁이 추진되면서 정부 안에서 규제완화 경쟁이 불붙었다 우리만 안전 강화를 외칠 수는 없는 노릇이었다고 말했다 박 대통령의 발언은 공무원들에게 정부의 고객은 국민이 아니라 기업이라고 말한 것과 크게 다르지 않다 미국의 역사학자 토머스 프랭크는 이라는 책에서  년대 이후 정권을 잡은 미국의 신자유주의자들이 규제 완화 정부지출 삭감 정부의 무능력에 대한 냉소 조장 등을 통해 정부 기능을 약화시켜 간 과정을 추적한다 정부의 약화는 민영화로 이는 기업들의 이익창출 기회로 이어졌다 이 책의 원제는 자신의 배를 침몰시키는 선원들 이다 안선희 경제부 정책금융팀장  
44,역대 최악의 해양 참사인 세월호 침몰사고를 수습해야할 정부 당국이 민간기업 언딘 마린 인더스트리언딘에만 매달린 이유가 비용 절감을 위해서인 것 아니냐는 비판이 제기되고 있다민관군이 협력하는 범정부 사고대책본부는 수색구조 작업을 민간 업체인 언딘 위주로 운영해오면서 많은 비판에 직면했다 자발적으로 사고 현장을 찾은 수백명의 민간 잠수부들의 투입을 막고 언딘에 고용된 민간잠수부 위주로 작업을 해왔다 기존 선내 수색작업을 지원했던   금호 바지선을  일 언딘이 운영하고 있는 리베로 바지선으로 교체하면서 조금기조류가 느려지는 시기에 수색 작업을 제대로 하지 못했다 해양과학기술원의 추천을 받은 대형바지선인 현대보령호는 수색작업에 방해가 된다는 이유로  일부터 사흘간 대기만 하다가 철수했다 다수 전문가들은 바지선을 배 양쪽에 설치하고 작업을 하면 구조작업 속도가 더 빠를 것이라고 제안했지만 받아들여지지 않았다 이종인 알파잠수기술공사가 제안한 다이빙벨 투입 유디티 동지회가 제안한 머구리배 투입 크레인을 통한 선체인양 뒤 구조 등 다양한 아이디어들은 무시됐다이에 대해 사고대책본부가 민간 인력과 장비의 투입 및 전문가들이 제안한 구조 방법을 거부하고 오직 언딘에만 목을 맨 것은 비용 문제 때문이 아니냐는 비판이 나오는 것이다알려진 대로 언딘은 정부가 아닌 사고 선사인 청해진해운과 계약한 구난 업체이다 자세한 계약 내용은 알려지지 않았지만 작업 과정에서 언딘이 발생시킨 비용은 계약 주체인 청해진해운이 부담하게 된다 반면 언딘을 거치지 않고 투입된 장비와 인력에 대해서는 정부가 실비를 보상해야 한다 이 과정에서 실무부처와 예산당국은 예산을 협의해야 한다 물론 이에 대한 비용 역시 원칙적으로 사고를 일으킨 청해진해운이 부담해야 하지만 이는 정부가 추후 청해진해운에 구상권을 청구하는 등 복잡한 법적 절차를 거쳐야 하며 청해진해운에게 모든 비용 문제를 책임짓게 할 수 있을지도 의문이다이에 대해 고명석 사고대책본부 대변인은 상황에 맞는 구조작업의 효율성을 위한 것이지 비용 문제 때문에 언딘 위주로 한 것은 아니다라고 답했다하지만 실제로 해양경찰청을 비롯해 정부와 정치권이 구상한 민관군 수난구호 협력체계는 비용 절감을 목적으로 구상돼왔다  년  월 열린 국토해양위원회 법안심사소위에서 정부와 정치권의 이런 태도를 볼 수 있다 이병석 새누리당 의원현 국회부의장이 대표발의한 수난구호법 전면개정안에 포함된 민간해양구조대 설치에 대해 김진애 전 의원은 수난구조가 수시로 일어나는 것이 아니기에 궁극적으로 공공이 해야 한다는 지적했다 이에 대해 임창수 해양경찰청 차장은 연간 계속 발생하는 것이 아니기 때문에 장비를 보유하고 있을 때 많은 비용이 들어간다며 비용 절감을 이유로 들어 민간해양구조대 설치를 주장했다 임 차장은 민간과의 네트워킹을 잘 만들어 놓으면 예산도 절감되고 오히려 해경이 장비를 가지는 것보다 더 효과적으로 대응할 수 있다고 말했다 이에 대해 차명진 새누리당 전 의원은 국가가 전부 할 수 있으면 좋겠지만 그러면 우리나라는 해경국가가 되는 것이다 모든 것을 해경이 대비하고 있어야 되는 것이라는 논리를 펼치기도 했다 이 논란에 대해 김진애 전 의원을 제외하면 야당 역시 별다른 이의가 없었다국가위기관리학회 전 회장인 이재은 충북대 교수는 수난구호에서 민간 부문과의 협력은 구호의 신속성을 위한 것이지 비용 절감을 목적으로 해서는 안 된다고 지적했다 이 교수는 민간 부문의 자원과 연계하는 것은 위기관리 거버넌스의 원칙이다 재난 현장에는 언제나 정부보다 민간이 더 가까이 있다 이번 사고 때도 주변 어선이 먼저 현장에서 구조활동을 시작했다 그래서 민간 부문과의 협력이 중요한 것이지 비용의 문제가 아니다라고 설명했다 이 교수는 정부에 예산이 없다면 민간은 수시로 발생하지 않는 수난구조에 대해 더 예산이 없지 않겠나라며 정부가 돈이 없어서라고 말하는 것은 있을 수 없는 일이고 논리적으로 설득이 안 되는 부분이라고 지적했다허승 기자  
45, 정현숙 서울시 은평구씨는  일 오후  시 분께 눈물을 닦으며 경기 안산 올림픽기념관체육관에 마련된 세월호 희생자 임시 합동분향소를 걸어나왔다 비가 추적추적 내리고 있었지만 우산을 써야 한다는 생각도 잊은 채 비를 맞으며 눈물만 훔쳤다 서울에서 두 시간을 승용차와 전철을 번갈아 타고 안산에 와 또다시 두 시간을 줄을 서서 기다려 세월호 희생자들을 조문하고 나오는 길이었다 그는 아이들의 영정을 가까이서 한꺼번에 보니 가슴이 터질 것 같았다 화장도 하고 데이트도 하고 싶었을 텐데 차가운 바닷물 속에서 고통스럽게 죽었을 거라고 생각하니 너무 가슴이 아팠다고 울먹였다 지난  일 올림픽기념관에 임시 합동분향소가 차려진 이후 첫 일요일인  일 안산은 하루 종일 비와 눈물이 뒤섞였다 임시 합동분향소부터 고대 안산병원까지  ㎞가량의 인도는 조문객의 우산으로 가득 메워졌다  일부터 조문객들이 늘어나면서 임시 합동분향소에 들어가려면 근처 고잔초등학교 운동장에 늘어서 있는 줄을  바퀴 돌아야 할 정도다  일까지 임시 합동분향소를 찾은 조문객은  만명을 훌쩍 넘었다 현재 희생자  명의 영정과 위패가 있는 임시 합동분향소는  일 밤  시까지만 문을 연다  일 오전  시부터는 단원구 화랑공원에 설치되는 합동분향소에서 조문객들을 맞는다 일 오후  시부터 서울시청 앞 서울광장에 문을 연 세월호 희생자 추모 합동 분향소에서 시민들이 조문을 하기 위해 줄을 서서 기다리고 있다 류우종 기자  주말부터 임시 합동분향소와 단원고 주변 곳곳에는 실종자의 생환을 기원하는 노란 리본이 달리기 시작했다 임시 합동분향소 건너편의 한 세탁소에는 잠긴 유리문에 ○○아 돌아와줘 엄마와 우리들이 기다리고 있어 세탁소 아주머니 힘내세요 아들 돌아올 거에요라는 쪽지가 붙었다 행인들은 이 쪽지를 보고 아이고 이 집 아들인가 보네라며 탄식과 눈물을 쏟아냈다 단원구 고잔동 안산문화광장에서는 세월호 침몰사고가 있었던  일부터 켜졌던 촛불이 이어지고 있다  일 저녁  시 처음 단원고 앞에서 안산의 시민사회단체가 주최해 시작됐던 안산시민촛불 기원추모제 참가자가 갈수록 늘어나고 있다 장소를 안산문화광장으로 옮기고부터는 매일 저녁  시  명이 촛불을 들고 있다 애들아 미안해 잊지 않을게 끝까지 밝혀줄게 참가자들은 촛불 행사 마지막에 함께 이렇게 외치고 촛불을 잠시 끈다 꺼진 촛불은 다음날 저녁  시에 다시 밝혀진다 서울에서도  일 오후  시 서울시청 앞 서울광장에 세월호 희생자 합동분향소가 마련됐다 분향이 시작되자마자  명 가까운 추모객들이 모여들었다 줄을 선 조문객들은 대부분 침통한 표정으로 말을 아껴 옆 사람과 속삭이는 소리까지 들릴 정도로 조용했다 조문을 하는 시민들을 바라보며 눈물을 흘리던 홍은주 씨는 가까운 곳에 분향소가 생겨 일부러 찾아왔다며 나라가 이번 사고 대응 과정에서 참으로 무심하다고 생각했다고 말했다 추적추적 내리는 빗속에서도  시간 만인 오후  시 현재  명에 가까운 시민들이 분향소를 찾았다 조문객의 연령층도  대 자녀와 함께 나온  대 노인 등 다양했다 분향소 바로 옆에 설치된 소망과 추모의 벽에는 얘들아 미안하다 지켜주지 못해서 뜨거운 눈물이 가슴을 울린다 어른들이 미안하다는 등의 내용의 글귀가 적혀 있었다 시민들이 쓴 글 중에는 국민 지켜주지 못하는 정권은 당연히 퇴진돼야 같은 비판도 있었다 안산김일우 기자 음성원 기자  
46,박근혜 대통령은 정홍원 총리가  일 세월호 참사 책임과 관련해 제출한 사표를 사고 수습 이후 수리하기로 했다민경욱 청와대 대변인은 박 대통령은 정 총리가가 이번 사태의 책임을 지고 사의를 표한 것에 대해 수리하기로 했다며 그러나 지금 가장 시급한 것은 구조 작업과 사고 수습으로 이것이 최우선이기 때문에 사고 수습 이후에 수리를 하는 것이 바람직하다고 말했다고 밝혔다온라인뉴스팀 
47,세월호 참사에 대한 박근혜 대통령의 책임론이 대두되면서 한 블로거의 글이 화제가 되고 있다물뚝심송이란 이름의 블로거는  일 자신의 블로그에 관료와 돈 그리고 대통령의 책임이란 글을 올렸다 그는 박근혜 대통령은 실무자들에게 장비와 인력을 총동원하라 뒷감당은 내가 해주겠다는 의사를 전달하지 않았고 움직일 방법이 없는 관료들에게 온갖 비난의 화살을 돌려 자신은 책임을 회피하고 있다고 주장했다박근혜 대통령이  일 오후 실종자 가족들이 모여있는 전남 진도실내체육관을 찾아 현장 상황 등에 대해 설명하자 한 실종자 가족이 일어나 이야기하고 있다 진도이정용 기자  이 블로거는 이해하기 힘들 정도로 무능한 사고 대처 피해자 구조 과정의 핵심 이유는 바로 돈이라며 사고 초기에 예인선을 불러 배의 전복을 막자는 아이디어 오징어 배 아이디어 오징어 배보다 더 현실적인 고등어잡이 어선의 수중등 아이디어 심지어 다이빙벨 투입 등을 해경이 선뜻 응하지 못하는 이유는 바로 돈이라고 했다해양경찰청의 올 한해 예산은  조 억원이다 이중  만명 가량되는 해경 인력에 대한 인건비로 절반 가량인  억원이 사용됐고 기본 경비  억원 각종 사업에 또 수천억원의 예산이 소요됐다 이번 침몰사고와 같이 예상치 못했던 사고가 발생했을 때 자체적으로 감당할 수 있는 예산은 사실상 없다 이 블로거는 비용에 대한 고위층의결재 없이 돈을 집행할 수 없는 것이며 이 경우 관료들은 움직이지 못한다고 말하고  년 태안 기름유출 사고와 비교했다당시  돌발영상을 통해 보도된 영상을 보면 노무현 전 대통령은 사고가 발생한 현장을 방문해 비용 문제로 인한 어려움을 말하는 청장에게 그런 게 어디 있어요 청장이 모든 비용을 혼자 좌우할 수 없기 때문에 조심스러운건 알겠는데 그러면 안 됩니다 나중에 비용을 받는 것은 받는 거고 못 받는 것은 못 받는 것이니 그것은 재판에 맡길 일이고 필요 없는 것은 나갈 필요가 없겠지만 필요한 만큼은 관계없이 다 동원하라는 겁니다라고 말했고 이에 청장은 모든 것을 다 동원해 기름 유출의 확산을 막겠다고 응답했다물뚝심송은 최고 의사결정권자가 예산 신경쓰지 말고 돈을 써도 된다는 언질을 주게 되면 상황은 완전히 달랐을 것이다 그러나 이번 사건에서 박근혜 대통령은 그러지 않았다 그저 지키기 힘든 애매한 약속만을 남발하고서는 이 약속이 지켜지지 않는다면 여기 있는 모든 관료들이 옷 벗을 줄 알라고 협박을 했다고 비판했다결국 최고 의사결정권자로서 박근혜 대통령이 사고 수습에 대한 확실한 가이드라인을 실무자들에게 제시하지 않은 것이 지금과 같은 사태를 키웠다는 것이다실제로 범정부사고대책본부는 모든 자원을 총동원하는 적극적인 적극적인 구조와 사고수습 대신 사고를 낸 청해진해운이 고용한 민간업체 언딘 마린 인더스트리만 바라보고 있었다는 비판을 받았다 사고 해역에 자원해 온 민간잠수부의 입수를 막고 구조 작업에 효과가 있을 것으로 예상됐던 장비들이 투입되는 걸 반대했다 대신 언딘 측이 고용한 민간잠수부와 언딘이 동원한 장비들만 활용했다 결국 구조 작업은 난항을 겪고 우왕좌왕하면서 사고대책본부는 안팎의 비판을 못 견디고 흔들리는 모습을 보였다허승 기자 물뚝심송의 블로그 글 원문     대독 총리 사퇴 대통령 책임 못덮는다 성한용의 진단   
48,침몰 여객선 세월호 구난업체로 선정된 언딘 마린 인더스트리가  년 천안함 사건 당시 수색작업에서 별다른 성과를 거두지 못하고도 정부로부터  억 천만원을 지급받은 것으로 알려졌다 일 해양경찰청에 따르면  년  월  일 언딘은 천안함 실종장병 수색작업에참여했다가 침몰한 쌍끌이 어선 금양 호의 선내 수색업체로 선정됐다업체 선정은 해경과 외부 전문가 등  명으로 구성된 선정위원회에서 결정됐으며계약금액은  억원이었다언딘은 그러나 금양호 실종 선원  명 중 해경이 발견한 시신  구 외에 다른 실종자를 찾지 못했다언딘을 주축으로 구성된 민간잠수팀은 당시 기상악화로 대청도 근해까지 피항했다 돌아오기를 반복한 뒤 사고해역에서  일간  차례 입수를 시도했지만 수색에 실패했다언딘은 당시 금양호가   깊이의 심해에 가라앉아 잠수사의 안전이 우려되고 선체 입구에 어망밧줄 등이 쌓여 내부 진입이 어렵다며 수중수색을 중단했다실종자 가족은 강하게 반발하며 선체 인양을 요구하다가 정부가 실종 선원들에게 의사자義死者에 준하는 예우를 하겠다고 밝히자 선체 인양을 포기하고 시신 없이 장례를 치렀다언딘은 당시 금양호 수색작업이 종료된 뒤 계약금액  억원 중  억 천만원의 정부 예산을 해경으로부터 지급받았다 그러나 실종자 시신을 단  구도 인양하지 못한업체에 거액의 예산을 지급한 것이 적절했는지에 대한 논란은 지금까지 계속되고 있다언딘은 당시 금양호 수색작업 때문에 다른 현장의 사업을 진행하지 못한 손해를 고려해 줘야 한다고 주장 계약금액의  를 받은 것으로 알려졌다최근 언딘을 세월호 구난업체로 선정한 것을 놓고도 많은 잡음이 뒤따르고 있다목포해경은 선장이나 선박 소유자에게 해양사고를 신속하게 수습하고 해상교통안전을 확보하기 위해 필요한 조치를 취하도록 명할 수 있다는 해사안전법  조에 따라 세월호 침몰 당일인 지난  일 청해진해운에 구난명령을 통보했다청해진해운은 해경 통보를 받고 언딘을 구난업체로 선정했고 이 업체는 현재 구난 활동을 하고 있다세월호가 침몰한 지 만  시간도 채 지나지 않아 언딘이 구난업체로 신속하게 결정된 것을 놓고 일각에서는 언딘이 평소 해경과 밀접한 관계를 유지한 것이 일정 부분 영향을 미친 것 아니냐는 의혹도 제기되고 있다언딘의 김모 대표는 해양경찰청의 법정단체로 작년  월 출범한 한국해양구조협회의 부총재다 총  명에 이르는 해양구조협회 부총재에는 해경청 경비안전국장 해경 경무관 출신 김모씨도 포함돼 있다작년 국감에서는 해양구조협회에 해경 퇴직 간부  명협회 지부 포함이 취업한것과 관련 해경이 유관단체를 만들고는 퇴직 간부의 재취업 공간으로 악용하고 있다는 지적이 나오기도 했다 협회 사무실은 해경청 내 민원동에 자리잡고 있다해경의 한 관계자는 청해진해운이 언딘을 세월호 구난업체로 선정하는 과정에 해경은 개입하지 않았다며 민관군 합동으로 가장 효과적인 수색구조를 위한 방법을 찾고 있다고 밝혔다인천연합뉴스 
49,서울시는  일 오후  시부터 서울시청 앞 서울광장에서 세월호 희생자를 추모하기 위한 합동 분향소를 운영한다고 밝혔다 시민들은 분향소에서 분향하고 분향소 옆 통곡의 벽에서 쓰고 싶은 글귀를 적을 수 있다서울시 관계자는 이미 분향소 설치 준비를 한 상태에서 안전행정부 지침을 받고 바로 분향소를 만들기 시작해 이날 오후  시부터 문을 열게 됐다고 설명했다또 서울을 제외한 나머지  개 광역시도에도 세월호 참사 희생자들을 기리는 합동분향소가  일부터 설치된다앞서 안전행정부는  일 정홍원 국무총리 주재로 관계장관 회의를 열고 각 지역 주민들이 세월호 참사 희생자 분향을 할 수 있도록 전국  개 시도청 소재지에 합동분향소를 설치하도록 했다고 밝혔다 음성원 기자  
50,새정치민주연합 박광온 대변인은  일 정홍원 국무총리가 세월호 참사에 책임을 지고 사의를 전격 표명한 데 대해 총리의사퇴가 가족과 국민의 슬픔을 덜어드리기보다는 국면전환용이라는 비판에서 벗어나기 어렵다고 비판했다박 대변인은 서면논평을 통해 참담한 사고를 수습하는 것보다 성난 민심을 수습하는 것을 우선시하는 자세이자 가족과 국민을 또 한 번 낙담케 하는 무책임한 결정이라면서 상처받은 민심은 정부가 할 일을 다 할 때 위로받는 것이지 총리가 자리에서 물러난다고 치유되지 않는다고 밝혔다특히 정 총리가 국정운영에 부담을 줄 수 없다고 설명한 것과 관련 대통령에게 부담을 주지 않겠다는 것으로 현 상황에서 총리가 할 수 있는 적절한 말인지 국민들이 납득하기 어려울 것이라고 지적했다최재천 전략홍보본부장도 사고 수습이 먼저이고 그 다음에 석고대죄하는 자세가 필요하다면서 문책 대상과 범위는 국민의 뜻에 따라 결정돼야 한다고 평가했다서울연합뉴스 
51,청와대는  일 정홍원 국무총리가 세월호 참사에 대한 책임을 지고 사의를 표명한 것과 관련 박근혜 대통령이 수리 여부를 판단할 것이라고 밝혔다민경욱 청와대 대변인은 브리핑에서 정 총리 사의 표명의 후속 대책과 관련해서는 임면권자인 박근혜 대통령이 숙고해서 판단할 것으로 안다고 전했다서울연합뉴스 
52,새정치민주연합의 안철수김한길 공동대표는 세월호 참사와 관련해 정홍원 총리의 사퇴를 무책임하다고 비판하는 한편 박근혜 대통령의 진심어린 사과를 요구했다안김 공동대표는 이날 오전  시 국회 당대표실에서 기자회견을 열어 세월호 참사와 관련해 국정 최고 책임자인 대통령의 반성과 사과 있었어야 한다며 이렇게 밝혔다안김 공동대표는 대통령이 사고 책임자에 대해 한점 의혹 없이 조사하고 책임을 묻는 것은 지극히 당연하다 그러나 국정 최고 책임자인 대통령의 반성과 사과 또한 있었어야 한다 국정 운영의 최고 책임자이자 국민의 재산과 생명 지켜야 하는 책임자로서 대통령의 진심어린 사과 기다린다고 밝혔다정홍원 국무총리가  일 오전 세종로 정부서울청사에서 열린 세월호 참사 긴급 기자회견에서 고개숙여 인사를 하고 있다 연합뉴스이어 정홍원 국무총리의 사의 표명과 관련해 내각의 수장인 총리가 홀로 사퇴하는 것은 지극히 무책임하고 비겁한 것이라며 가뜩이나 총체적 난맥 상황에서 총리가 바뀌면 어떤 일이 일어나겠나 이 시점에서 새 총리 인준을 위해 국회가 인사청문회를 열어야 겠나고 비판했다 이어 통한의 눈물 만큼이나 최선을 다하길 바라며 그 다음에 석고대죄하라라고 말했다안김 공동대표는 또 이번 사고의 희생자와 아직도 어둡고 차가운 바다속에 남겨진 실종자분들 그리고 그 가족과 모든 국민들께 진심으로 사죄드린다 정부의 무능을 탓하기 전에 정부를 감시 감독하지 못한 국회의 책임을 통감한다고 밝혔다 허승 기자  
53, 일 발표된 정홍원 총리의 사퇴소식을 접한 세월호 참사 실종자 가족들의 반응은 엇갈렸다진도체육관에 머물고있는 실종자 가족들은 무책임하다며 강하게 질책하기도 했고 당연한 결과라며 수용하는 반응을 보이기도 했다오전  시 정 총리가 긴급기자회견을 열고 세월호참사와 관련해 사의를 표명하려 한다는 뉴스 속보가 뜨자 실종자 가족들은  소리를 키워달라고 요청하며 큰 관심을 보였다이들은 기자회견이 진행되는 동안 하던 일을 멈추고 자리를 고쳐 앉으며 정 총리의 말 한 마디 한 마디에 귀를 기울였다 분 남짓한 짧은 기자회견이 끝나자 한 실종자 가족은 이 시국에 총리가 사퇴해서 어쩌겠다는 거냐며 반발했다그는 잘했든 못했든 이처럼 큰 사고가 났으면 끝까지 책임지고 잘 마무리지어야 할 것이 아니냐며 너무 무책임한 처사라고 비판했다다른 한 가족은 당연한 결과라며 이처럼 큰 사고를 내고도 제대로 수습조차 하지 못한 책임이 크다 진작 사퇴했어야 옳다는 반응을 보였다실종자 가족들이 모여있는 또 다른 장소인 팽목항은 정 총리 사퇴소식에 무덤덤한 분위기다 가족대책본부 천막 옆에 세워진 차량 전광판에서 관련 뉴스가 나오자 몇몇 가족이 발걸음을 멈추고 지켜봤지만 아무런 반응도 보이지 않고 이내 자리를 떠났다진도연합뉴스 
54,세월호 침몰 참사  일째인  일 선내에 쌓인 카펫 이불 가구 등이 구조수색작업의 최대 난관으로 부상했다김석균 해양경찰청장은 이날 선내 곳곳에서 물에 부풀어 오른 카펫 이불 가구 등이 통로와 객실 등을 꽉 채워 잠수사 진입을 어렵게 해 구조와 수색을 어렵게 하고 있다고 밝혔다현재 잠수사들은 세월호의  층에 진입을 시도해 수색작업을 벌이고 있는데이중 실종자 다수가 몰려 있던 것으로 예상된  층 선수 쪽 다인실 등에서 수색이 난관에 봉착했다시신  구를 수습한 지난  일 이후 하루째 수색에 진전이 없다소조기가 끝나면서 조류 흐름도 빨라진데다 기상까지 악화돼 잠수횟수와 인원이줄어든 것도 있지만 내부의 이같은 물건들 탓에 수색이 어렵다는 것이 해경의 설명이다이 물건들은 선실 내부 진입을 가로막을 뿐만 아니라 수색 작업시에도 하나하나헤치고 뒤져야 하기 때문에 실종자 수색이 그만큼 어려울 수 밖에 없다김석균 청장은 이들 물건을 제거할 방법을 고심했으나 현재로서는 뾰족한 방도가 없다며 선수 앞쪽 창문을 깨고 내부 물건들을 끄집어 내는 방법이 제안되기도 했지만 이 과정에서 시신이 유실될 가능성이 있어 실행에 옮기지 못했다고 덧붙였다실제로 한 잠수사는 이렇다 보니 물건들 사이에 손을 집어넣어 만져 촉감으로 시신인지 아닌지를 판단하고 있다고 수색의 어려움을 말했다 일부 잠수사들은 이 과정에서 손을 혹사당해 잠수를 마치고 수면으로 올라온 후심한 고통을 호소하기도 했다진도연합뉴스 
55,정홍원 국무총리가  일 세월호 참사에 책임을 지고 전격적으로 사의를 표명했다정 총리는 세월호 참사 발생 열이틀째인 이날 정부서울청사에서 긴급 기자회견을 하고 사의를 밝혔다 지난해  월 일 박근혜 정부의 초대 총리로 취임한 정 총리의 사의 표명은  일 만이다정 총리는 기자회견을 통해 이번 사고의 희생자들의 영전에 머리 숙여 조의를 표하고 유가족 여러분께 마음 깊이 진심으로 사죄를 드리며 구조되신 분들의 이번상처에 쾌유를 빈다고 밝혔다이어 이번 사고가 발생하기 전 예방에서부터 사고 이후의 초동대응과 수습과정에서 많은 문제들을 제때에 처리하지 못한 점에 대해 정부를 대표하여 국민 여러분께 사과드린다며 사랑하는 가족을 잃은 비통함에 몸부림치는 유가족들의 아픔과 국민 여러분의 슬픔과 분노를 보면서 저는 국무총리로서 응당 모든 책임을 져야 한다고 생각했다고 언급했다정 총리는 이어 내각을 총괄하는 총리인 제가 책임을 지고 물러나는 것이 당연하고 사죄드리는 길이라는 생각이었다며 진작 책임을 지고 물러나고자 했으나 우선은 사고수습이 급선무이고 하루빨리 사고수습과 함께 대책을 마련하는 것이 책임있는 자세라고 생각했다고 덧붙였다그러면서 그러나 이제 더 이상 제가 자리를 지킴으로써 국정운영에 부담을 줄 수 없다는 생각에 사퇴할 것을 결심했다고 밝혔다정 총리는 이번 사고를 보면서 우리 사회 곳곳에 오랫동안 이어져온 다양한 비리와 잘못된 관행들이 너무도 많다는 사실을 뼈저리게 느꼈다며 이번에는 반드시 그런 적폐들이 시정돼 더 이상 이러한 사고가 발생하지 않기를 바라는 마음이라고 강조했다정 총리는 회견에 앞서 사의를 박 대통령에게 전달한 것으로 알려졌으나 사표수리 여부는 즉각 알려지지 않았다 민경욱 청와대 대변인은 브리핑에서 임면권자인 대통령이 숙고해서 판단할 것으로 안다고 밝혔다 그러나 이번 사고 대응 과정을 두고 정부의 미숙한 대응에 대한 여론의 비판이 비등하는 만큼 박 대통령은 결국 정 총리의 사표를 수리할 것으로 관측된다이와 맞물려 정 총리의 사의 표명을 계기로 이번 사고와 관련해 정치권에서 나오는 개각설도 힘이 실릴 것으로 보인다 정 총리는 이날 기자회견에서 내각의 거취에 대해선 언급을 피했다다만 현재 관계장관들이 사고 수습에 전력을 다하고 있는데다   지방선거를 앞두고 대규모 인사청문회를 개최하는 것을 두고 여권이 부담을 느끼는 만큼 선거 전에는 정 총리 혼자만 사퇴하고 선거 이후에 대대적인 개각이 있을 거라는  단계 개각설이 제기된다서울연합뉴스 
56,존경하는 국민 여러분 상상하기조차 어려운 세월호 침몰사고로 어린 학생들이 수학여행길에서 목숨을 잃고 많은 분들이 희생되었습니다 이번 사고로 온 국민이 충격과 슬픔에 빠졌고 침몰사고가 발생한 지 열흘이 넘었는데도 아직도 실종자를 찾지 못한 가족들의 절규가 잠을 못 이루게 합니다 이번 사고의 희생자들의 영전에 머리 숙여 조의를 표하고 유가족 여러분께 마음 깊이 진심으로 사죄를 드리며 구조되신 분들의 이번 상처에 쾌유를 빕니다 이번 사고가 발생하기 전 예방에서부터 사고 이후의 초동대응과 수습과정에서 많은 문제들을 제때에 처리하지 못한 점에 대해 정부를 대표하여 국민 여러분께 사과드립니다 사랑하는 가족을 잃은 비통함에 몸부림치는 유가족들의 아픔과 국민 여러분의 슬픔과 분노를 보면서 저는 국무총리로서 응당 모든 책임을 져야 한다고 생각했습니다 내각을 총괄하는 총리인 제가 책임을 지고 물러나는 것이 당연하고 사죄드리는 길이라는 생각이었습니다 진작 책임을 지고 물러나고자 했으나 우선은 사고수습이 급선무이고 하루빨리 사고수습과 함께 대책을 마련하는 것이 책임 있는 자세라고 생각했습니다 그러나 이제 더 이상 제가 자리를 지킴으로써 국정운영에 부담을 줄 수 없다는 생각에 사퇴할 것을 결심했습니다 존경하는 국민 여러분 지금은 서로를 탓하기보다는 하루빨리 구조작업을 완료하고 사고를 수습해야 할 때입니다 이 어려움을 극복하고 잘 대처해 나갈 수 있도록 국민 여러분께서 도와주시길 간절히 부탁드립니다 이번 사고를 보면서 우리 사회 곳곳에 오랫동안 이어져 온 다양한 비리와 잘못된 관행들이 너무도 많다는 사실을 뼈저리게 느꼈습니다 이번에는 반드시 그런 적폐들이 시정되어서 더 이상 이러한 사고가 발생하지 않기를 바라는 마음입니다 부디 국민 여러분과 세월호 피해자 가족분들께서 소명을 다하지 못하고 떠나는 저를 용서하고 이해해 주실 것을 부탁드립니다 지금도 사고현장에서 위험을 무릅쓰고 구조활동에 임하고 있는 모든 분들께 끝까지 최선을 다해주시기를 간곡히 당부드립니다 마지막으로 국민 여러분께서 이번 사고가 원만하게 수습될 수 있도록 마음을 모아주시고 다시는 이런 참담하고 비극적인 사고가 일어나지 않는 새로운 대한민국을 만드는 데 힘을 모아주실 것을 다시 한 번 호소드립니다 
57,정홍원 국무총리가 세월호 참사에 대한 책임을 지고 사의를 표명했다정 총리는 세월호 참사가 발생한지  일째인  일 오전  시 서울 세종로정부중앙청사에서 긴급 기자회견을 열고 사고예방부터 초동 대응 수습 과정에서 일어난 많은 문제에 대해 국무총리로서 모든 책임을 지고 사퇴하겠다고 말했다 정 총리는 상상하기조차 어려운 사고로 어린 학생들이 목숨을 잃고 많은 분들이 희생됐다 온 국민이 충격과 슬픔에 빠졌고 사고 발생  일이 넘도록 아직 실종자를 찾지 못한 가족의 절규가 잠을 못이루게 한다며 희생자의 영전에 머리 숙여 조의를 표하고 유가족 여러분께 마음깊이 진심으로 사죄를 드린다고 사과했다정 총리는 이번 사고가 발생하기 전 예방에서부터 사고 이후의 초동 대응과 수습과정에서 많은 문제들을 제때에 처리하지 못한 점에 대해 정부를 대표하여 사과드린다며 내각을 총괄하는 총리인 제가 책임을 지고 물러나는 것이 당연하다고 생각해 진작 물러나려 했으나 우선은 사고 수습이 급선무이기 때문에 하루빨리 사고수습과 함께 대책 마련하는 게 책임있는 자세라고 생각했다고 말했다 이어 그러나 이제 더 이상 제가 자리를 지키고 있음으로서 국정운영에 부담을 줄 수 없다는 생각에 사퇴하기로 결심했다고 사퇴 배경을 설명했다세월호 참사 이후 정치권에서는 야당은 물론이고 집권여당 내부에서도 이번 참사의 책임을 지고 내각이 총사퇴하거나 유관부처 각료들의 문책이 필요하다는 주장이 제기돼 왔다 그러나 사고 수습이 늦어지는 것은 물론 정부여당에서 책임있는 모습을 보이지 못하면서 비난이 현 정부 전체로 확산되는 움직임이 보이자 결국 정홍원 총리가 사퇴 카드를 들고 나온 것으로 보인다정 총리는 지금은 서로를 탓하기보다 하루빨리 사고를 수습해야할 때다 국민여러분께서 도와주시길 간절히 부탁한다고 호소했다정 총리는 회견에 앞서 박 대통령에게 사의를 전달한 것으로 알려졌다 민경욱 청와대 대변인은 브리핑에서 정 총리 사의 표명의 후속 대책과 관련해서는 임면권자인 박근혜 대통령이 숙고해서 판단할 것이라고 전했다허승 기자  
58,세월호 침몰사고 희생자 임시 합동분향소 설치 닷새째인  일 추모객이  만명을 넘어섰다경기도대책합동본부는 이날 오전  시 현재까지 희생자  명의 영정과 위패가 모셔진 안산올림픽기념관 임시 합동분향소를 찾은 추모객이  만 명에 달했다고 발표했다 이날 자정  만명을 넘어선 뒤 아침까지 밤사이  명의 발길이 이곳을 찾았다번호  로 보낼 수 있는 문자 분향도 지금까지  만 건에 이르렀다 이 번호로 보낸 추모 메시지는 분향소 모니터로 전달된다이날 오전엔 사고 최초 신고자로 알려져 의사자 지정이 검토되고 있는 최덕하 군을 비롯해 안산 시흥 수원 등 장례식장  곳에서 단원고 학생  명의 발인이 치러졌다 오전  시 안산산재병원에서 출발한 최군을 실은 운구차는 단원고를 들렀다가 수원 연화장으로 향했다 최 군의 유해는 안산하늘공원에 모셔진다임시 합동분향소는  일까지 운영된 뒤  일 오전  시부터는 안산 화랑유원지 세월호 희생자 합동분향소로 자리를 옮겨 조문객을 맞는다 이곳에는 안산단원고등학교 학생과 교사뿐만 아니라 일반인 희생자의 위패도 함께 모셔진다 온라인뉴스팀 
59,정홍원 국무총리가 세월호 참사에 대한 책임을 지고  일 전격적으로 사의를 표명했다정 총리는 이날 오전  시 서울 세종로정부중앙청사에서 긴급 기자회견을 열고 사고 예방부터 초동 대응 수습 과정에서 일어난 많은 문제에 대해 국무총리로서 모든 책임을 지고 사퇴하겠다고 말했다 정 총리는 진작 책임지고 물러나려 했으나 우선은 사고 수습이 급선무이기 때문에 하루빨리 사고 수습과 함께 대책 마련하는 게 책임있는 자세라고 생각했지만 자리를 지키고 있음으로서 국정 운영에 부담을 줄 수 없다는 생각에 사퇴하기로 결심했다고 말했다정 총리는 지금은 서로를 탓하기보다 하루빨리 사고를 수습해야 할 때라며 국민 여러분께서 도와주시길 간절히 부탁한다고 호소했다세월호 참사 이후 정치권에서는 야당은 물론 여당 내부에서도 이번 참사의 책임을 지고 내각이 총사퇴하거나 유관 부처 장관들에 대한 문책이 필요하다는 지적이 제기돼 왔다온라인뉴스팀 
